-- phpMyAdmin SQL Dump
-- version 4.7.4
-- https://www.phpmyadmin.net/
--
-- Servidor: 127.0.0.1
-- Tiempo de generación: 23-02-2018 a las 22:54:40
-- Versión del servidor: 10.1.29-MariaDB
-- Versión de PHP: 7.2.0

SET SQL_MODE = "NO_AUTO_VALUE_ON_ZERO";
SET AUTOCOMMIT = 0;
START TRANSACTION;
SET time_zone = "+00:00";


/*!40101 SET @OLD_CHARACTER_SET_CLIENT=@@CHARACTER_SET_CLIENT */;
/*!40101 SET @OLD_CHARACTER_SET_RESULTS=@@CHARACTER_SET_RESULTS */;
/*!40101 SET @OLD_COLLATION_CONNECTION=@@COLLATION_CONNECTION */;
/*!40101 SET NAMES utf8mb4 */;

--
-- Base de datos: `tbasketball`
--
CREATE DATABASE IF NOT EXISTS `tbasketball` DEFAULT CHARACTER SET utf8 COLLATE utf8_bin;
USE `tbasketball`;

-- --------------------------------------------------------

--
-- Estructura de tabla para la tabla `equipos`
--

DROP TABLE IF EXISTS `equipos`;
CREATE TABLE IF NOT EXISTS `equipos` (
  `id_franquicia` int(2) NOT NULL AUTO_INCREMENT,
  `nombre_franquicia` varchar(100) COLLATE utf8_bin DEFAULT NULL,
  `sede` varchar(100) COLLATE utf8_bin DEFAULT NULL,
  `propietario` varchar(100) COLLATE utf8_bin DEFAULT NULL,
  `presupuesto` varchar(100) COLLATE utf8_bin DEFAULT NULL,
  `conferencia` varchar(20) COLLATE utf8_bin DEFAULT NULL,
  `division` varchar(50) COLLATE utf8_bin DEFAULT NULL,
  `anos_nba` int(3) DEFAULT NULL,
  `estadio` varchar(255) COLLATE utf8_bin DEFAULT NULL,
  `equipoAfiliado` varchar(255) COLLATE utf8_bin DEFAULT NULL,
  `imagen` varchar(255) COLLATE utf8_bin DEFAULT NULL,
  `latitud` float NOT NULL,
  `longitud` float NOT NULL,
  `id_jugador` int(4) DEFAULT NULL,
  PRIMARY KEY (`id_franquicia`),
  KEY `id_jugador` (`id_jugador`),
  KEY `id_jugador_2` (`id_jugador`)
) ENGINE=InnoDB AUTO_INCREMENT=31 DEFAULT CHARSET=utf8 COLLATE=utf8_bin;

--
-- Volcado de datos para la tabla `equipos`
--

INSERT INTO `equipos` (`id_franquicia`, `nombre_franquicia`, `sede`, `propietario`, `presupuesto`, `conferencia`, `division`, `anos_nba`, `estadio`, `equipoAfiliado`, `imagen`, `latitud`, `longitud`, `id_jugador`) VALUES
(1, 'Von, White and Greenholt', 'Älmhult', 'Thayne Maund', '$145971742.10', 'Este', 'Atlántico', 30, 'Loperamide Hydrochloride', 'Bractscale', 'http://dummyimage.com/180x213.png/ff4444/ffffff', 56.5385, 14.1116, NULL),
(2, 'Beier and Sons', 'Estreito', 'Lorilee Gilffillan', '$46458758.89', 'Este', 'Sudeste', 47, 'Chestal Child Berry', 'Mexican Bedstraw', 'http://dummyimage.com/159x185.png/cc0000/ffffff', -6.83704, -47.2142, NULL),
(3, 'Murphy, Morissette and Daniel', 'Qinghe', 'Maurizio Eyre', '$120040214.82', 'Oeste', 'Suroeste', 47, 'SINUS RELIEF', 'Pappusgrass', 'http://dummyimage.com/171x212.png/cc0000/ffffff', 37.04, 115.667, NULL),
(4, 'Morissette-Lang', 'Dire Dawa', 'Casar Wartnaby', '$123168514.63', 'Oeste', 'Pacífico', 13, 'Acid Controller Complete', 'Twinberry Honeysuckle', 'http://dummyimage.com/175x138.png/dddddd/000000', 9.60087, 41.8501, NULL),
(5, 'Lind and Sons', 'Fūman', 'Cad Rackam', '$148331673.60', 'Oeste', 'Suroeste', 29, 'Lombardy Poplar', 'Stebbin\'s Bluegrass', 'http://dummyimage.com/233x213.png/dddddd/000000', 37.2204, 49.3095, NULL),
(6, 'Wolf-Fahey', 'Garešnica', 'Wang Kimbly', '$45496824.49', 'Oeste', 'Pacífico', 85, 'Repaglinide', 'Drummond\'s Sleepydaisy', 'http://dummyimage.com/167x212.png/ff4444/ffffff', 45.5742, 16.9408, NULL),
(7, 'Connelly-Bauch', 'Kidal', 'Isac Dowsing', '$129339262.22', 'Oeste', 'Pacífico', 8, 'Oxygen', 'Desert Beardtongue', 'http://dummyimage.com/134x177.png/ff4444/ffffff', 18.4521, 1.40965, NULL),
(8, 'Hirthe-Lind', 'Lunas', 'Dina Lynes', '$40996541.46', 'Oeste', 'Pacífico', 28, 'Goldenrod', 'Psorotichia Lichen', 'http://dummyimage.com/248x103.png/dddddd/000000', 14.5749, 121.046, NULL),
(9, 'Gorczany and Sons', 'São João dos Inhamuns', 'Ari Limming', '$41375228.40', 'Este', 'Atlántico', 75, 'Risperidone', 'American Waterwort', 'http://dummyimage.com/104x108.png/dddddd/000000', -6, -40.2833, NULL),
(10, 'Rutherford, Heller and Bernhard', 'Kalá Déndra', 'Julia Larrosa', '$75289006.57', 'Este', 'Sudeste', 4, 'Tolnaftate', 'Craters Of The Moon Cushion Buckwheat', 'http://dummyimage.com/213x245.png/cc0000/ffffff', 41.0991, 23.4244, NULL),
(11, 'Schmidt Inc', 'Gracias', 'Jethro Evison', '$18271327.68', 'Este', 'Atlántico', 60, 'ck one airlight pressed powder spf 15', 'Woolly Cottonflower', 'http://dummyimage.com/143x124.png/cc0000/ffffff', 14.5875, -88.5831, NULL),
(12, 'Funk-Weber', 'Chunoyar', 'Jess Jacklings', '$79472524.52', 'Oeste', 'Suroeste', 27, 'Meijer', 'Boreal Sagebrush', 'http://dummyimage.com/245x248.png/ff4444/ffffff', 57.4492, 97.358, NULL),
(13, 'Larson, Carroll and Mayert', 'Cikalong', 'Petey Upjohn', '$35783066.90', 'Este', 'Atlántico', 47, 'Didanosine', 'Cornflag', 'http://dummyimage.com/185x110.png/ff4444/ffffff', -7.45, 108.033, NULL),
(14, 'Nicolas-Schneider', 'Karangagung Timur', 'Giselle Elby', '$131189093.43', 'Oeste', 'Suroeste', 34, 'Rifampin', 'Fewflower Sedge', 'http://dummyimage.com/233x171.png/dddddd/000000', -6.90022, 112.165, NULL),
(15, 'Hane Group', 'Kalinovo', 'Alaine Arons', '$58102470.34', 'Oeste', 'Suroeste', 80, 'Claforan', 'Florida Loosestrife', 'http://dummyimage.com/152x157.png/ff4444/ffffff', 57.1317, 60.1464, NULL),
(16, 'Kertzmann, Jacobson and Ratke', 'Kubang', 'Broderick Pero', '$46852283.42', 'Oeste', 'Pacífico', 26, 'Nizatidine', 'Softhairy Maiden Fern', 'http://dummyimage.com/138x224.png/cc0000/ffffff', -0.142398, 100.49, NULL),
(17, 'Bartoletti LLC', 'Farmahīn', 'Davide Instone', '$138093475.54', 'Este', 'Sudeste', 6, 'Multi-Symptom Nitetime', 'Fringed Amaranth', 'http://dummyimage.com/174x139.png/5fa2dd/ffffff', 34.4945, 49.686, NULL),
(18, 'Frami LLC', 'Prámanta', 'Basilio Baynes', '$68469205.98', 'Este', 'Sudeste', 28, 'HYDRA LIFE PRO-YOUTH SKIN TINT 2', 'Shy Wallflower', 'http://dummyimage.com/134x123.png/ff4444/ffffff', 39.5228, 21.1044, NULL),
(19, 'Sipes Group', 'Siaya', 'Garvy Halwell', '$144567671.03', 'Este', 'Central', 57, 'Comfortcaine', 'Platte River Cinquefoil', 'http://dummyimage.com/163x193.png/cc0000/ffffff', -0.0998238, 34.2747, NULL),
(20, 'Larkin, Carter and O\'Reilly', 'Nosy Varika', 'Angele Lille', '$114177618.55', 'Este', 'Central', 34, 'Nicotine', 'Rainlily', 'http://dummyimage.com/195x171.png/dddddd/000000', -20.5913, 48.5312, NULL),
(21, 'Prosacco, Hessel and Hane', 'Rukaj', 'Querida Skeldon', '$41438123.69', 'Oeste', 'Pacífico', 68, 'LBEL', 'Yellowtuft', 'http://dummyimage.com/144x211.png/5fa2dd/ffffff', 41.3762, 19.7882, NULL),
(22, 'Langworth, Hartmann and Murazik', 'Lobanovo', 'Meghan Emeney', '$16503634.99', 'Oeste', 'Suroeste', 20, 'SYLVANT', 'Bog Dubautia', 'http://dummyimage.com/218x168.png/5fa2dd/ffffff', 57.8632, 56.2867, NULL),
(23, 'Von, O\'Conner and Stokes', 'Fushui', 'Lucias Houseman', '$70300092.88', 'Oeste', 'Noroeste', 82, 'Neutrogena', 'Phormium', 'http://dummyimage.com/198x224.png/cc0000/ffffff', 22.635, 107.904, NULL),
(24, 'Stoltenberg LLC', 'Taishang', 'Jillene Klimkowski', '$59939644.73', 'Este', 'Atlántico', 10, 'Pain-A-Trate', 'Jeffrey Pine', 'http://dummyimage.com/114x113.png/cc0000/ffffff', 22.2519, 112.794, NULL),
(25, 'Nicolas, Weimann and Mante', 'Karibib', 'Angus Lemmanbie', '$35345951.67', 'Este', 'Sudeste', 28, 'MEDI-FIRST Ibuprofen', 'Alabama Swamp Flatsedge', 'http://dummyimage.com/111x226.png/5fa2dd/ffffff', -21.9367, 15.8613, NULL),
(26, 'Rogahn-Mosciski', 'Rujewa', 'Inness Danbury', '$144113466.53', 'Oeste', 'Pacífico', 83, 'ED A-HIST', 'Anderson\'s Buttercup', 'http://dummyimage.com/206x136.png/cc0000/ffffff', -8.70721, 34.381, NULL),
(27, 'Kohler-Veum', 'Calango', 'Christiana Pickersail', '$113428220.69', 'Este', 'Atlántico', 62, 'Cymbalta', 'New Mexico Rockdaisy', 'http://dummyimage.com/124x247.png/dddddd/000000', -12.5261, -76.5452, NULL),
(28, 'Dickinson Inc', 'Michurinskoye', 'Jozef Ivankovic', '$70268182.11', 'Oeste', 'Pacífico', 16, 'Arthritazin Pain Relieving', 'Small Limestone Moss', 'http://dummyimage.com/204x178.png/5fa2dd/ffffff', 60.562, 29.8533, NULL),
(29, 'Gerlach, Ernser and Hermann', 'Menol', 'Morty Gallegos', '$145389402.55', 'Oeste', 'Noroeste', 21, 'Eplerenone', 'Silky Lupine', 'http://dummyimage.com/243x183.png/cc0000/ffffff', -7.48692, 108.469, NULL);

-- --------------------------------------------------------

--
-- Estructura de tabla para la tabla `jugadores`
--

DROP TABLE IF EXISTS `jugadores`;
CREATE TABLE IF NOT EXISTS `jugadores` (
  `id_jugador` int(4) NOT NULL AUTO_INCREMENT,
  `nombre_principal` varchar(50) COLLATE utf8_bin NOT NULL,
  `nombre_completo` varchar(255) COLLATE utf8_bin NOT NULL,
  `fecha_nacimiento` varchar(15) COLLATE utf8_bin NOT NULL,
  `altura` int(3) NOT NULL,
  `peso` int(3) NOT NULL,
  `posicion` varchar(50) COLLATE utf8_bin NOT NULL,
  `draft` varchar(50) COLLATE utf8_bin NOT NULL,
  `imagen` varchar(255) COLLATE utf8_bin NOT NULL,
  `ciudad` varchar(150) COLLATE utf8_bin DEFAULT NULL,
  `universidad` varchar(100) COLLATE utf8_bin NOT NULL,
  `latitud` float DEFAULT NULL,
  `longitud` float DEFAULT NULL,
  `id_franquicia` int(2) DEFAULT NULL,
  PRIMARY KEY (`id_jugador`),
  KEY `id_franquicia` (`id_franquicia`),
  KEY `id_franquicia_2` (`id_franquicia`)
) ENGINE=InnoDB AUTO_INCREMENT=301 DEFAULT CHARSET=utf8 COLLATE=utf8_bin;

--
-- Volcado de datos para la tabla `jugadores`
--

INSERT INTO `jugadores` (`id_jugador`, `nombre_principal`, `nombre_completo`, `fecha_nacimiento`, `altura`, `peso`, `posicion`, `draft`, `imagen`, `ciudad`, `universidad`, `latitud`, `longitud`, `id_franquicia`) VALUES
(1, 'Itzkovici', 'Brandi Itzkovici', '07/09/1994', 190, 60, 'Ala-pívot', 'Primera ronda', 'https://robohash.org/exsolutaest.png?size=250x250&set=set1', 'Iperó', 'University of the Philippines Manila', -23.3518, -47.6932, 17),
(2, 'Gladwish', 'Reinaldo Gladwish', '31/12/1991', 186, 86, 'Pívot', 'Segunda ronda', 'https://robohash.org/quisintlibero.png?size=250x250&set=set1', 'Hongxi', 'Northern University Bangladesh', 37.5094, 103.93, 3),
(3, 'Axleby', 'Jereme Axleby', '14/02/1992', 174, 63, 'Alero', 'Primera ronda', 'https://robohash.org/laborumnonet.png?size=250x250&set=set1', 'Río Hondo', 'Inner Mongolia Agricultural University', 15.0447, -89.5827, NULL),
(4, 'Keetley', 'Lars Keetley', '29/09/1989', 189, 86, 'Pívot', 'Primera ronda', 'https://robohash.org/architectomolestiasexercitationem.png?size=250x250&set=set1', 'Angers', 'Indiana University at Bloomington', 48.8693, 2.3502, 6),
(5, 'Wyatt', 'Olivia Wyatt', '15/09/1985', 194, 115, 'Pívot', 'Primera ronda', 'https://robohash.org/estaccusamuspraesentium.png?size=250x250&set=set1', '‘Akko', 'Tarleton State University', 32.9331, 35.0827, 27),
(6, 'Northage', 'Odelle Northage', '19/07/1975', 221, 73, 'Pívot', 'Primera ronda', 'https://robohash.org/placeatutvelit.png?size=250x250&set=set1', 'Wajak', 'Union College Kentucky', -8.1278, 112.751, 22),
(7, 'Cromley', 'Bennett Cromley', '09/08/1995', 178, 79, 'Ala-pívot', 'Segunda ronda', 'https://robohash.org/oditrationeillum.png?size=250x250&set=set1', 'Panggungrejo', 'European University, Athens Campus', -7.6385, 112.915, 20),
(8, 'Bulcock', 'Milly Bulcock', '28/05/1982', 185, 69, 'Ala-pívot', 'Primera ronda', 'https://robohash.org/sintrepellendusneque.png?size=250x250&set=set1', 'Guishan', 'Universidad de Playa Ancha de Ciencias de la Educacion', 22.1415, 113.83, 22),
(9, 'Vanni', 'Phaedra Vanni', '28/01/1975', 179, 74, 'Ala-pívot', 'Primera ronda', 'https://robohash.org/etsapientedolore.png?size=250x250&set=set1', 'Offenbach', 'Sakushin Gakuin University', 50.0809, 8.81072, 3),
(10, 'Colthard', 'Lucio Colthard', '18/05/1975', 192, 108, 'Ala-pívot', 'Segunda ronda', 'https://robohash.org/harumundeeos.png?size=250x250&set=set1', 'Rzhev', 'Royal lnstitute of Technology', 56.2622, 34.3028, 17),
(11, 'Benedite', 'Wrennie Benedite', '22/08/1999', 179, 118, 'Base', 'Primera ronda', 'https://robohash.org/pariaturdoloribusin.png?size=250x250&set=set1', 'Shabqadar', 'Università Bocconi', 34.2211, 71.6276, 14),
(12, 'Hayhoe', 'Vi Hayhoe', '01/08/1978', 210, 92, 'Base', 'Segunda ronda', 'https://robohash.org/aliasillumvoluptatem.png?size=250x250&set=set1', 'Metsamor', 'Osaka Gakuin University', 40.1427, 44.1242, 13),
(13, 'Carmo', 'Allx Carmo', '31/12/1998', 198, 70, 'Escolta', 'Primera ronda', 'https://robohash.org/quietitaque.png?size=250x250&set=set1', 'Kaélé', 'Shanghai Lida Polytechnic Institute', 10.1112, 14.4432, 28),
(14, 'Juett', 'Ethe Juett', '23/12/1977', 192, 82, 'Alero', 'Primera ronda', 'https://robohash.org/delectusasperioresdicta.png?size=250x250&set=set1', 'Pangkungparuk', 'Kyushu Institute of Technology', -8.27354, 114.886, 25),
(15, 'Biggins', 'Kip Biggins', '15/09/1995', 185, 61, 'Alero', 'Segunda ronda', 'https://robohash.org/vitaedelectusdolor.png?size=250x250&set=set1', 'Guanshan', 'University of Miskolc', 31.7539, 118.565, 15),
(16, 'Juara', 'Theda Juara', '16/03/1986', 213, 97, 'Ala-pívot', 'Segunda ronda', 'https://robohash.org/sitinciduntvel.png?size=250x250&set=set1', 'Bitung', 'Gujarat Technological University Ahmedabad', 1.44037, 125.122, 23),
(17, 'Ghion', 'Cosmo Ghion', '13/09/1990', 169, 68, 'Pívot', 'Primera ronda', 'https://robohash.org/etquianihil.png?size=250x250&set=set1', 'Lundazi', 'Université de Mons-Hainaut', -12.2849, 33.1745, 24),
(18, 'Chatelain', 'Paton Chatelain', '28/08/1997', 202, 118, 'Alero', 'Primera ronda', 'https://robohash.org/optiosintvoluptatibus.png?size=250x250&set=set1', 'Yongdeng Chengguanzhen', 'Rogers State University', 36.7332, 103.262, 16),
(19, 'Chalfant', 'Glory Chalfant', '21/04/1996', 168, 117, 'Ala-pívot', 'Primera ronda', 'https://robohash.org/magnilaborumconsequatur.png?size=250x250&set=set1', 'Ta Phraya', 'Simmons College', 14.0839, 102.759, 27),
(20, 'Annice', 'Nana Annice', '18/07/1984', 208, 89, 'Alero', 'Segunda ronda', 'https://robohash.org/quaeratquasratione.png?size=250x250&set=set1', 'Oued Lill', 'East-West University', 36.8341, 10.0406, 4),
(21, 'Chessor', 'Beverley Chessor', '11/11/1984', 184, 112, 'Pívot', 'Segunda ronda', 'https://robohash.org/rerumtenetureveniet.png?size=250x250&set=set1', 'Fray Bentos', 'Al-Bukhari International University', -33.1228, -58.2976, 3),
(22, 'McCook', 'Ruprecht McCook', '22/04/1998', 163, 101, 'Escolta', 'Primera ronda', 'https://robohash.org/utmolestiaeminus.png?size=250x250&set=set1', 'Cerro', 'Helwan University', 23.1004, -82.3859, 28),
(23, 'Bardwell', 'Sarene Bardwell', '28/08/1979', 175, 96, 'Base', 'Primera ronda', 'https://robohash.org/etabet.png?size=250x250&set=set1', 'São Manços', 'Moscow State Automobile and Road Technical University', 38.4581, -7.75212, 26),
(24, 'Berthelmot', 'Lib Berthelmot', '27/10/1976', 168, 61, 'Base', 'Primera ronda', 'https://robohash.org/oditperspiciatislaudantium.png?size=250x250&set=set1', 'Moscavide', 'Universidade Ibirapuera', 38.776, -9.10241, 14),
(25, 'Buessen', 'Pammy Buessen', '12/07/1983', 199, 100, 'Ala-pívot', 'Segunda ronda', 'https://robohash.org/nequenobisreiciendis.png?size=250x250&set=set1', 'San Pedro Zacapa', 'Gwangju Catholic College', 14.7576, -88.1133, 25),
(26, 'Attew', 'Gianna Attew', '17/02/1980', 195, 95, 'Pívot', 'Primera ronda', 'https://robohash.org/magnamdoloreset.png?size=250x250&set=set1', 'Tarikolot', 'Sri Lanka Institute of Advanced Technical Education', -6.49919, 106.892, 19),
(27, 'Piddlehinton', 'Carey Piddlehinton', '04/01/1987', 206, 120, 'Base', 'Segunda ronda', 'https://robohash.org/aperiamexadipisci.png?size=250x250&set=set1', 'Benito Juarez', 'Institute of Social Studies', 19.4103, -99.0074, 5),
(28, 'Keld', 'Darryl Keld', '09/06/1981', 191, 75, 'Base', 'Segunda ronda', 'https://robohash.org/temporavoluptatesdelectus.png?size=250x250&set=set1', 'Broshniv-Osada', 'Roosevelt University', 48.9942, 24.1867, 13),
(29, 'Lambdean', 'Freddie Lambdean', '14/08/1983', 212, 91, 'Ala-pívot', 'Primera ronda', 'https://robohash.org/sitculpadoloribus.png?size=250x250&set=set1', 'Cinagrog Girang', 'Grand Canyon University', -6.95473, 107.379, 18),
(30, 'Taffee', 'Jordana Taffee', '14/09/1993', 184, 114, 'Ala-pívot', 'Primera ronda', 'https://robohash.org/quasidelectusdolor.png?size=250x250&set=set1', 'San Ramon', 'Panteios University of Economics and Political Sciences Athens', 13.7242, 123.54, 8),
(31, 'Tutt', 'Trstram Tutt', '19/03/1979', 214, 73, 'Base', 'Primera ronda', 'https://robohash.org/quiaarchitectodolor.png?size=250x250&set=set1', 'Barranca', 'Nizhny Novgorod State Academy of Medicine', -10.7508, -77.7595, 7),
(32, 'Wolfenden', 'Broderic Wolfenden', '13/12/1977', 215, 115, 'Pívot', 'Primera ronda', 'https://robohash.org/rerumearumerror.png?size=250x250&set=set1', 'Batulenger Barat', 'Rock Valley College', -6.88936, 113.391, NULL),
(33, 'Vignaux', 'Decca Vignaux', '30/10/1990', 197, 80, 'Alero', 'Segunda ronda', 'https://robohash.org/eaetsapiente.png?size=250x250&set=set1', 'Naikolan', 'Lillehammer University College', -10.1905, 123.601, 9),
(34, 'Doull', 'Krishnah Doull', '12/10/1990', 176, 60, 'Escolta', 'Segunda ronda', 'https://robohash.org/accusantiumofficiisvoluptatem.png?size=250x250&set=set1', 'Štěnovice', 'Alfred University', 49.6705, 13.3996, 22),
(35, 'Maidment', 'Shalom Maidment', '15/06/1989', 186, 95, 'Alero', 'Primera ronda', 'https://robohash.org/magnamrepudiandaereprehenderit.png?size=250x250&set=set1', 'Gowa', 'Fondazione Sacro Cuore', -5.31029, 119.743, 29),
(36, 'Jarmain', 'Gnni Jarmain', '02/05/1978', 221, 89, 'Ala-pívot', 'Primera ronda', 'https://robohash.org/officiisvoluptatemvoluptatem.png?size=250x250&set=set1', 'Sundsvall', 'Universitas Bunda Mulia Jakarta', 63.0077, 16.6652, 14),
(37, 'Georgel', 'Andree Georgel', '31/05/1992', 212, 71, 'Pívot', 'Segunda ronda', 'https://robohash.org/velcorporisaperiam.png?size=250x250&set=set1', 'Songshi', 'University of Pennsylvania', 35.0831, 117.154, 1),
(38, 'Baguley', 'Perren Baguley', '07/02/1988', 194, 113, 'Pívot', 'Segunda ronda', 'https://robohash.org/nonsedminima.png?size=250x250&set=set1', 'Bayan', 'Anhui Technical College of Water Resources and Hydroelectric Power', -8.30558, 116.396, 10),
(39, 'Oatley', 'Charyl Oatley', '02/11/1990', 203, 104, 'Escolta', 'Primera ronda', 'https://robohash.org/magnivoluptatibusnesciunt.png?size=250x250&set=set1', 'Nangong', 'Instituto Superior de Ciênicas e Tecnologia de Moçambique', 37.3593, 115.409, 10),
(40, 'Dowsey', 'Frank Dowsey', '31/01/1979', 197, 66, 'Base', 'Primera ronda', 'https://robohash.org/mollitiaesttemporibus.png?size=250x250&set=set1', 'Wucun', 'Université de Monastir', 30.5928, 114.306, 8),
(41, 'Brunner', 'Beitris Brunner', '16/11/1992', 169, 62, 'Alero', 'Segunda ronda', 'https://robohash.org/architectoautrepellendus.png?size=250x250&set=set1', 'Liangwa', 'Universitas Madura', 32.0467, 118.786, 5),
(42, 'Penniell', 'Brenna Penniell', '11/06/1981', 221, 98, 'Escolta', 'Primera ronda', 'https://robohash.org/teneturconsecteturconsequuntur.png?size=250x250&set=set1', 'Quimper', 'Ritsumeikan Asia Pacific University', 47.9962, -4.10207, 7),
(43, 'Beeswing', 'Doroteya Beeswing', '30/09/1988', 203, 102, 'Alero', 'Primera ronda', 'https://robohash.org/eligendiquiaqui.png?size=250x250&set=set1', 'Saint-Jean-de-Monts', 'GC University', 46.826, -2.13185, 18),
(44, 'Huke', 'Addie Huke', '02/11/1984', 222, 61, 'Alero', 'Segunda ronda', 'https://robohash.org/cupiditatenatusquia.png?size=250x250&set=set1', 'Zhonghe', 'Kyushu Tokai University', 25.683, 100.133, 1),
(45, 'Berthelmot', 'Suzy Berthelmot', '10/04/1983', 183, 83, 'Base', 'Primera ronda', 'https://robohash.org/autetlaudantium.png?size=250x250&set=set1', 'Kadujajar', 'American International College', -6.75231, 106.035, 28),
(46, 'Dechelle', 'Jorrie Dechelle', '04/08/1981', 192, 61, 'Base', 'Primera ronda', 'https://robohash.org/rerumeosodio.png?size=250x250&set=set1', 'At Taḩālif', 'Universidad Franco-Mexicana', 15.9379, 48.7864, 28),
(47, 'Huston', 'Normie Huston', '27/02/1988', 210, 101, 'Escolta', 'Primera ronda', 'https://robohash.org/temporeiustonostrum.png?size=250x250&set=set1', 'Santa Maria', 'Shiraz Payamnoor University', 14.5806, 121.004, 8),
(48, 'Mosconi', 'Emylee Mosconi', '01/04/1993', 224, 71, 'Ala-pívot', 'Primera ronda', 'https://robohash.org/nonvelquo.png?size=250x250&set=set1', 'Skövde', 'Wadi International University', 58.3493, 13.8301, 26),
(49, 'Gingles', 'Darla Gingles', '18/04/1978', 173, 90, 'Ala-pívot', 'Primera ronda', 'https://robohash.org/quiaremmagni.png?size=250x250&set=set1', 'Shkurinskaya', 'Vellore Institute of Technology', 46.5876, 39.3949, 27),
(50, 'Biswell', 'Gilberte Biswell', '22/02/1992', 201, 102, 'Escolta', 'Primera ronda', 'https://robohash.org/ipsumautdebitis.png?size=250x250&set=set1', 'Bulubrangsi', 'Hasselt University', -6.96618, 112.356, 11),
(51, 'Cristofaro', 'Hilde Cristofaro', '24/03/1999', 203, 107, 'Ala-pívot', 'Segunda ronda', 'https://robohash.org/fugitomniset.png?size=250x250&set=set1', 'Tuymazy', 'Lansbridge University', 53.425, 58.9689, 8),
(52, 'De Goey', 'Ramon De Goey', '14/11/1988', 213, 113, 'Escolta', 'Primera ronda', 'https://robohash.org/quivitaeea.png?size=250x250&set=set1', 'Isheyevka', 'Rajamangala University of Technology, Lanna Chiang Rai', 54.4279, 48.2668, 13),
(53, 'Tapley', 'Ayn Tapley', '16/04/1993', 205, 116, 'Ala-pívot', 'Segunda ronda', 'https://robohash.org/reprehenderitfugaminus.png?size=250x250&set=set1', 'Zigong', 'North Maharashtra University', 29.339, 104.778, 19),
(54, 'Binley', 'Damian Binley', '08/01/1998', 168, 68, 'Pívot', 'Primera ronda', 'https://robohash.org/nisifacilisvoluptatem.png?size=250x250&set=set1', 'Culeng', 'Balqa Applied University', -7.19238, 110.64, 3),
(55, 'Bessett', 'Haleigh Bessett', '10/04/1987', 206, 76, 'Ala-pívot', 'Segunda ronda', 'https://robohash.org/delectusestquos.png?size=250x250&set=set1', 'Washington', 'La Sierra University', 38.8932, -77.0251, 23),
(56, 'Borne', 'Selie Borne', '25/03/1995', 185, 89, 'Pívot', 'Primera ronda', 'https://robohash.org/voluptasisteexcepturi.png?size=250x250&set=set1', 'Willemstad', 'University of Chittagong', 12.1224, -68.8824, 6),
(57, 'Gower', 'Aubree Gower', '19/07/1977', 164, 95, 'Alero', 'Segunda ronda', 'https://robohash.org/verovoluptatemdoloremque.png?size=250x250&set=set1', 'Cawayan', 'Université Catholique de Kabgayi', 12.0675, 123.722, 10),
(58, 'Courcey', 'Kathy Courcey', '15/04/1990', 208, 62, 'Base', 'Segunda ronda', 'https://robohash.org/quasiquamet.png?size=250x250&set=set1', 'Weizheng', 'University of Nijenrode', 28.6909, 113.598, 26),
(59, 'Von Hindenburg', 'Sandi Von Hindenburg', '20/12/1981', 168, 78, 'Base', 'Segunda ronda', 'https://robohash.org/beataeeligendiquis.png?size=250x250&set=set1', 'Yuwang', 'Youngstown State University', 25.6714, 104.26, 19),
(60, 'Treffry', 'Nicky Treffry', '27/02/1998', 199, 60, 'Ala-pívot', 'Primera ronda', 'https://robohash.org/essevelrerum.png?size=250x250&set=set1', 'Shengli', 'Université des Sciences et Technologies de Lille (Lille I)', 37.5105, 118.326, 24),
(61, 'Sackett', 'Barrett Sackett', '02/06/1980', 176, 65, 'Base', 'Primera ronda', 'https://robohash.org/autillumut.png?size=250x250&set=set1', 'Boulsa', 'Universidad Notarial Argentina', 12.6612, -0.56834, 24),
(62, 'Hearon', 'Maxine Hearon', '08/05/1988', 212, 81, 'Escolta', 'Primera ronda', 'https://robohash.org/quasreiciendistemporibus.png?size=250x250&set=set1', 'Si Satchanalai', 'Bosaso College', 17.4161, 99.779, 10),
(63, 'Bloodworthe', 'Mellicent Bloodworthe', '18/02/1982', 223, 100, 'Escolta', 'Primera ronda', 'https://robohash.org/quiamolestiasaliquam.png?size=250x250&set=set1', 'Druya', 'Islamic University in Uganda', 55.786, 27.4327, 28),
(64, 'Lomasny', 'Tucky Lomasny', '21/08/1979', 219, 69, 'Pívot', 'Primera ronda', 'https://robohash.org/quitemporecorrupti.png?size=250x250&set=set1', 'Cut-cut Primero', 'Assam Agricultural University', 15.4828, 120.586, 24),
(65, 'Markushkin', 'Paulette Markushkin', '14/11/1998', 180, 113, 'Pívot', 'Segunda ronda', 'https://robohash.org/explicabodolorumcupiditate.png?size=250x250&set=set1', 'Heling', 'Utah Valley State College', 31.8593, 105.754, 29),
(66, 'Dewey', 'Angelika Dewey', '23/03/1976', 198, 78, 'Alero', 'Segunda ronda', 'https://robohash.org/delenitisuscipitin.png?size=250x250&set=set1', 'Ribeira Grande', 'Universidad Federico Henríquez y Carvajal', 17.1821, -25.0659, 9),
(67, 'Anthiftle', 'Jacky Anthiftle', '14/05/1990', 168, 82, 'Pívot', 'Primera ronda', 'https://robohash.org/fugiteosaut.png?size=250x250&set=set1', 'Al Manzilah', 'Instituto de Enseñanza Superior Oteima', 31.1195, 31.9416, 17),
(68, 'Govey', 'Stormi Govey', '23/01/1976', 224, 120, 'Escolta', 'Segunda ronda', 'https://robohash.org/temporibusipsumrem.png?size=250x250&set=set1', 'Ocuviri', 'Royal Holloway and Bedford New College', -15.1214, -70.9294, 17),
(69, 'Bagshaw', 'Felipa Bagshaw', '25/06/1985', 203, 83, 'Alero', 'Segunda ronda', 'https://robohash.org/velitdeseruntipsam.png?size=250x250&set=set1', 'Dob', 'Islamic Azad University, Kerman', 46.1515, 14.6281, 29),
(70, 'Foker', 'Avery Foker', '17/06/1993', 212, 62, 'Ala-pívot', 'Primera ronda', 'https://robohash.org/dolorumpariaturaperiam.png?size=250x250&set=set1', 'Ban Phai', 'Bashkir State Pedagogical University named After M. Akmullah', 16.1169, 102.702, 28),
(71, 'Rolfe', 'Estell Rolfe', '18/08/1976', 190, 60, 'Pívot', 'Primera ronda', 'https://robohash.org/impeditexpeditaprovident.png?size=250x250&set=set1', 'Terpinnya', 'Mountains of the Moon University', 46.9793, 35.4217, 16),
(72, 'Vanns', 'Geri Vanns', '16/02/1975', 183, 70, 'Alero', 'Segunda ronda', 'https://robohash.org/sequieaquelaborum.png?size=250x250&set=set1', 'Mancha Khiri', 'University College Dublin', 16.2107, 102.484, 18),
(73, 'Edgeley', 'Ileana Edgeley', '25/01/1979', 195, 109, 'Base', 'Primera ronda', 'https://robohash.org/excepturivoluptasanimi.png?size=250x250&set=set1', 'Pingli', 'Norwegian School of Economics and Business Administration', 32.3889, 109.362, 17),
(74, 'Bang', 'Andra Bang', '07/10/1989', 176, 77, 'Alero', 'Segunda ronda', 'https://robohash.org/indoloremet.png?size=250x250&set=set1', 'Buçimas', 'Hochschule für Technik, Wirtschaft und Kultur Leipzig (FH)', 40.8913, 20.678, 24),
(75, 'Toffoletto', 'Craggy Toffoletto', '06/09/1982', 171, 106, 'Escolta', 'Primera ronda', 'https://robohash.org/debitisautcum.png?size=250x250&set=set1', 'Tonekābon', 'Universidad Tecnológica Indoamérica', 36.8155, 50.8717, 25),
(76, 'Emerton', 'Marney Emerton', '28/05/1983', 171, 63, 'Base', 'Segunda ronda', 'https://robohash.org/consequatursitofficiis.png?size=250x250&set=set1', 'Merke', 'Christian Theological Academy in Warszaw', 42.8719, 73.1963, 9),
(77, 'Morstatt', 'Gates Morstatt', '10/02/1994', 191, 100, 'Ala-pívot', 'Primera ronda', 'https://robohash.org/ametnisiquis.png?size=250x250&set=set1', 'Sembungin', 'Central Radio and TV University', -6.79798, 111.756, 2),
(78, 'Babington', 'Orella Babington', '12/09/1982', 162, 79, 'Ala-pívot', 'Primera ronda', 'https://robohash.org/estautsapiente.png?size=250x250&set=set1', 'Alexandria', 'University of Santo Tomas', 31.3194, -92.4673, 3),
(79, 'Du Fray', 'Mirabel Du Fray', '21/10/1981', 161, 115, 'Pívot', 'Segunda ronda', 'https://robohash.org/aliquidmodiaut.png?size=250x250&set=set1', 'Bai’e', 'Universiti Malaysia Kelantan', 46.4575, 121.345, 29),
(80, 'McCool', 'Humbert McCool', '20/05/1976', 220, 117, 'Ala-pívot', 'Primera ronda', 'https://robohash.org/utinventoresunt.png?size=250x250&set=set1', 'Mosteirô', 'Awadhesh Pratap Singh University', 41.3271, -8.55414, 6),
(81, 'Cruft', 'Merrilee Cruft', '27/01/1982', 216, 66, 'Ala-pívot', 'Segunda ronda', 'https://robohash.org/dolorundeiure.png?size=250x250&set=set1', 'Ise', 'Universitas Lampung', 32.7827, 131.163, 6),
(82, 'Tipple', 'Marline Tipple', '07/07/1981', 162, 119, 'Alero', 'Primera ronda', 'https://robohash.org/fugitipsumsapiente.png?size=250x250&set=set1', 'Taiping', 'Uttar Pradesh Technical University', 53.3005, -6.26346, 20),
(83, 'Jeffels', 'Rex Jeffels', '02/09/1993', 184, 107, 'Base', 'Primera ronda', 'https://robohash.org/remarchitectomagnam.png?size=250x250&set=set1', 'Sukadami', 'Universidad Rural de Guatemala', -6.36369, 107.11, 3),
(84, 'Wolfe', 'Donny Wolfe', '14/11/1988', 185, 66, 'Ala-pívot', 'Primera ronda', 'https://robohash.org/corporisdoloribussimilique.png?size=250x250&set=set1', 'Międzybrodzie Bialskie', 'University of Wollongong - Dubai Campus', 49.7987, 19.1889, 26),
(85, 'Kender', 'Jan Kender', '12/07/1986', 162, 71, 'Escolta', 'Primera ronda', 'https://robohash.org/magnamremaut.png?size=250x250&set=set1', 'Sigetec', 'Marmara University', 46.1743, 16.9185, 5),
(86, 'McClancy', 'Daven McClancy', '15/01/1997', 178, 104, 'Pívot', 'Segunda ronda', 'https://robohash.org/praesentiumenimconsequatur.png?size=250x250&set=set1', 'Los Fresnos', 'University of New South Wales', 20.9456, -101.442, 3),
(87, 'Romanski', 'Kacie Romanski', '19/11/1990', 207, 116, 'Alero', 'Segunda ronda', 'https://robohash.org/oditnecessitatibusiusto.png?size=250x250&set=set1', 'Aleysk', 'Mongolian State University of Agriculture', 52.4935, 82.7806, 13),
(88, 'Skittrell', 'Nefen Skittrell', '05/11/1990', 170, 116, 'Pívot', 'Segunda ronda', 'https://robohash.org/etdolorumaccusamus.png?size=250x250&set=set1', 'San José', 'St. Thomas University', 16.9634, -89.9263, 28),
(89, 'Lynch', 'Britteny Lynch', '13/11/1997', 218, 96, 'Base', 'Primera ronda', 'https://robohash.org/porroplaceatrerum.png?size=250x250&set=set1', 'Herby', 'New York School of Interior Design', 50.7451, 18.9027, 14),
(90, 'Komorowski', 'Frank Komorowski', '11/10/1992', 224, 112, 'Pívot', 'Primera ronda', 'https://robohash.org/voluptatesconsequaturquisquam.png?size=250x250&set=set1', 'Nieszawa', 'John Paul the Great Catholic University', 52.8388, 18.8802, 14),
(91, 'Spurrett', 'Mei Spurrett', '16/09/1997', 183, 116, 'Alero', 'Primera ronda', 'https://robohash.org/dolorsuntvoluptatem.png?size=250x250&set=set1', 'Bayanbulag', 'Islamic Azad University, Varamin', 46.801, 98.0984, 20),
(92, 'Druhan', 'Merle Druhan', '07/06/1995', 199, 60, 'Base', 'Segunda ronda', 'https://robohash.org/eadignissimosvoluptas.png?size=250x250&set=set1', 'Knoxville', 'Ecole Nationale Supérieure d\'Hydraulique et de Mécanique de Grenoble', 35.9834, -83.7943, 17),
(93, 'Sterricker', 'Merrie Sterricker', '15/08/1998', 160, 84, 'Alero', 'Segunda ronda', 'https://robohash.org/eoseaet.png?size=250x250&set=set1', 'Moyynkum', 'University of Birmingham', 44.2833, 72.9434, 3),
(94, 'Dowson', 'Lilla Dowson', '20/06/1991', 194, 113, 'Alero', 'Segunda ronda', 'https://robohash.org/teneturiurequi.png?size=250x250&set=set1', 'Belyye Stolby', 'Konkan Agricultural University', 55.3291, 37.8525, 2),
(95, 'Robken', 'Merola Robken', '17/02/1987', 183, 82, 'Ala-pívot', 'Primera ronda', 'https://robohash.org/suntvoluptatemenim.png?size=250x250&set=set1', 'Arklow', 'Martin Methodist College', 51.8805, -8.45233, 10),
(96, 'Goolden', 'Ferdinand Goolden', '03/02/1990', 180, 90, 'Base', 'Segunda ronda', 'https://robohash.org/nisiexercitationemfuga.png?size=250x250&set=set1', 'Jalālābād', 'Institute of Teachers Education, Darul Aman', 34.4198, 70.4729, 22),
(97, 'Dellow', 'Cymbre Dellow', '25/03/1985', 182, 64, 'Pívot', 'Segunda ronda', 'https://robohash.org/autdoloribusomnis.png?size=250x250&set=set1', 'Jargalant', 'University of SV Cyril and Methodius in Trnava', 48.7278, 100.772, 11),
(98, 'Lafrentz', 'Percy Lafrentz', '29/11/1984', 195, 111, 'Alero', 'Primera ronda', 'https://robohash.org/providentetlibero.png?size=250x250&set=set1', 'Sarrebourg', 'Universidad de Granma', 48.7336, 7.05236, 22),
(99, 'Seel', 'Inger Seel', '09/02/1983', 171, 78, 'Alero', 'Segunda ronda', 'https://robohash.org/rerumundereprehenderit.png?size=250x250&set=set1', 'Leticia', 'Post University of Waterbury', -11.3827, -75.756, NULL),
(100, 'Leist', 'Tan Leist', '07/05/1982', 180, 71, 'Alero', 'Primera ronda', 'https://robohash.org/autvoluptatemconsequatur.png?size=250x250&set=set1', 'Scranton', 'Medical College of Georgia', 41.388, -75.6499, 4),
(101, 'Spridgeon', 'Maisey Spridgeon', '17/12/1985', 188, 70, 'Escolta', 'Segunda ronda', 'https://robohash.org/similiquevoluptaspariatur.png?size=250x250&set=set1', 'Krutja e Poshtme', 'Lutheran Bible Institute of Seattle', 40.8719, 19.6808, 8),
(102, 'McKinless', 'Albie McKinless', '22/10/1994', 213, 95, 'Alero', 'Segunda ronda', 'https://robohash.org/autdoloremaliquam.png?size=250x250&set=set1', 'Kemil', 'Hendrix College', -2.94557, 104.733, 3),
(103, 'Delmage', 'Ryley Delmage', '05/01/1981', 183, 96, 'Alero', 'Segunda ronda', 'https://robohash.org/fugailloaliquid.png?size=250x250&set=set1', 'Yancheng', 'Laurus Technical Institute', 33.3473, 120.164, 12),
(104, 'Baiss', 'Netta Baiss', '26/01/1978', 161, 116, 'Pívot', 'Segunda ronda', 'https://robohash.org/cumidqui.png?size=250x250&set=set1', 'Sagbayan', 'Medical University of Sofia', 9.9137, 124.094, 16),
(105, 'Esslement', 'Eden Esslement', '31/08/1980', 166, 95, 'Alero', 'Segunda ronda', 'https://robohash.org/dolorumblanditiisplaceat.png?size=250x250&set=set1', 'Brumadinho', 'Universidad Empresarial', -20.1515, -44.2011, 18),
(106, 'Fergyson', 'Elizabet Fergyson', '20/03/1989', 171, 75, 'Alero', 'Segunda ronda', 'https://robohash.org/laborumnisiautem.png?size=250x250&set=set1', 'Basey', 'University \"Aurel Vlaicu\" Arad', 11.2752, 125.008, 20),
(107, 'Preble', 'Pamela Preble', '01/02/1978', 160, 67, 'Alero', 'Segunda ronda', 'https://robohash.org/voluptassitamet.png?size=250x250&set=set1', 'Río Viejo', 'Universidad Valle del Momboy', 8.5884, -73.8403, 28),
(108, 'Dorber', 'Vlad Dorber', '24/01/1977', 190, 83, 'Pívot', 'Segunda ronda', 'https://robohash.org/estquoquo.png?size=250x250&set=set1', 'Wulipu', 'Washington Bible College', 32.7074, 108.939, 15),
(109, 'Rearden', 'Justina Rearden', '09/03/1987', 207, 82, 'Ala-pívot', 'Segunda ronda', 'https://robohash.org/corruptiminimavelit.png?size=250x250&set=set1', 'Kushima', 'Maria Curie-Sklodowska University Lublin', 37.6464, 139.469, 10),
(110, 'Collumbine', 'Darlene Collumbine', '09/04/1996', 166, 80, 'Pívot', 'Segunda ronda', 'https://robohash.org/suscipitvoluptatemdolores.png?size=250x250&set=set1', 'Priozërsk', 'Universidad Jóse Vasconcelos', 61.039, 30.1341, 7),
(111, 'Philcott', 'Emanuele Philcott', '21/12/1977', 210, 120, 'Ala-pívot', 'Primera ronda', 'https://robohash.org/inciduntquisvitae.png?size=250x250&set=set1', 'Dežanovac', 'Internationle Akademie für Philosophie', 45.5691, 17.0861, 2),
(112, 'Clampin', 'Peggie Clampin', '09/04/1980', 164, 91, 'Pívot', 'Primera ronda', 'https://robohash.org/iustoveniamet.png?size=250x250&set=set1', 'Jadów', 'FAAP - Fundação Armando Alvares Penteado', 52.4783, 21.632, 26),
(113, 'Scotchmoor', 'Udall Scotchmoor', '12/03/1985', 169, 88, 'Alero', 'Segunda ronda', 'https://robohash.org/itaquemolestiasdolorem.png?size=250x250&set=set1', 'Główczyce', 'City University of New York, City College', 54.6194, 17.3683, 10),
(114, 'Thunnercliffe', 'Florence Thunnercliffe', '08/01/1977', 212, 100, 'Base', 'Primera ronda', 'https://robohash.org/sequiofficiaperspiciatis.png?size=250x250&set=set1', 'Miřetice', 'Université de Kisangani', 49.8355, 15.8876, 4),
(115, 'Rubinsaft', 'Skipton Rubinsaft', '30/10/1996', 194, 98, 'Alero', 'Segunda ronda', 'https://robohash.org/aspernaturdelenitiillo.png?size=250x250&set=set1', 'Besisahar', 'Amber University', 28.1962, 84.3857, 19),
(116, 'Shildrick', 'Niccolo Shildrick', '20/01/1988', 217, 81, 'Base', 'Segunda ronda', 'https://robohash.org/ipsamlaboriosamrecusandae.png?size=250x250&set=set1', 'Kokterek', 'Universidad Especializada de Las Americas', 49.1141, 84.4733, 17),
(117, 'Dymoke', 'Athena Dymoke', '08/02/1982', 200, 86, 'Escolta', 'Segunda ronda', 'https://robohash.org/delenitivoluptatemdolores.png?size=250x250&set=set1', 'Tugdan', 'St. Marianna University School of Medicine', 12.329, 122.075, 29),
(118, 'Chisman', 'Dode Chisman', '26/10/1992', 160, 88, 'Ala-pívot', 'Segunda ronda', 'https://robohash.org/ullamvoluptatumsimilique.png?size=250x250&set=set1', 'Wujia', 'International School of Management', 43.3154, 129.768, 19),
(119, 'Maps', 'Michaela Maps', '04/05/1997', 192, 68, 'Base', 'Primera ronda', 'https://robohash.org/pariatursuscipitdignissimos.png?size=250x250&set=set1', 'Tālīn', 'Wilson College', 35.1485, 36.0329, 8),
(120, 'Graeme', 'Jeane Graeme', '14/06/1995', 187, 102, 'Alero', 'Segunda ronda', 'https://robohash.org/rerumtemporeofficiis.png?size=250x250&set=set1', 'Gushan', 'Universidad La Gran Colombia', 25.424, 119.038, 14),
(121, 'Lambdean', 'Gabrielle Lambdean', '15/03/1983', 200, 110, 'Alero', 'Primera ronda', 'https://robohash.org/accusamusomnisquis.png?size=250x250&set=set1', 'Baunu-Timbangan', 'Princess Sumaya University for Technology', 6.00547, 120.994, 22),
(122, 'Fritter', 'Babette Fritter', '20/04/1989', 203, 85, 'Base', 'Segunda ronda', 'https://robohash.org/ullamtemporaest.png?size=250x250&set=set1', 'Drakino', 'Edgewood College', 51.1374, 39.3988, 29),
(123, 'Crittal', 'Johannes Crittal', '01/10/1995', 180, 118, 'Pívot', 'Segunda ronda', 'https://robohash.org/accusantiumquoat.png?size=250x250&set=set1', 'Stari Banovci', 'Universidad de Puerto Rico, Cayey', 44.9878, 20.2567, 19),
(124, 'Bestar', 'Desdemona Bestar', '29/08/1995', 163, 86, 'Pívot', 'Primera ronda', 'https://robohash.org/saepequisveritatis.png?size=250x250&set=set1', 'Keffi', 'Trisakti Institute of Tourism ', 8.84712, 7.8776, 16),
(125, 'Lantiff', 'Averyl Lantiff', '27/09/1976', 160, 94, 'Base', 'Primera ronda', 'https://robohash.org/dolorlaborumrerum.png?size=250x250&set=set1', 'Belo Jardim', 'Fine Arts Academy in Gdansk', -8.33578, -36.4236, 23),
(126, 'Rounds', 'Elbert Rounds', '17/09/1995', 175, 113, 'Pívot', 'Primera ronda', 'https://robohash.org/optioeumanimi.png?size=250x250&set=set1', 'Tazarine', 'Vitebsk State University', 30.7718, -5.54598, 14),
(127, 'Bentz', 'Sella Bentz', '10/01/1986', 200, 61, 'Escolta', 'Segunda ronda', 'https://robohash.org/voluptasmodised.png?size=250x250&set=set1', 'Haapajärvi', 'Ecole Nationale Supérieure du Pétrole et des Monteurs', 63.7453, 25.3525, 1),
(128, 'Exley', 'Josie Exley', '08/05/1979', 210, 78, 'Base', 'Segunda ronda', 'https://robohash.org/vitaehicvoluptatem.png?size=250x250&set=set1', 'Changlu', 'Hanseo University', 32.261, 118.81, 27),
(129, 'Suttle', 'Loren Suttle', '11/07/1984', 217, 107, 'Escolta', 'Segunda ronda', 'https://robohash.org/delenitivelut.png?size=250x250&set=set1', 'Caen', 'Caleb University', 49.1931, -0.390756, 1),
(130, 'Beinisch', 'Herculie Beinisch', '17/08/1985', 173, 82, 'Base', 'Segunda ronda', 'https://robohash.org/ipsadictaquis.png?size=250x250&set=set1', 'Novo-Peredelkino', 'Maltepe University', 55.6588, 37.3582, 20),
(131, 'True', 'Marielle True', '19/03/1998', 201, 96, 'Alero', 'Primera ronda', 'https://robohash.org/etquiquia.png?size=250x250&set=set1', 'Radzyń Chełmiński', 'Fachhochschule Schmalkalden', 53.3801, 18.9469, 12),
(132, 'Huxham', 'Henka Huxham', '20/01/1977', 182, 61, 'Pívot', 'Segunda ronda', 'https://robohash.org/dolorumcupiditatevel.png?size=250x250&set=set1', 'Vishow', 'Universidad Pedagógica Nacional \"Francisco Morazán\"', 53.905, 27.5393, 10),
(133, 'Ravilus', 'Demetris Ravilus', '04/05/1997', 220, 114, 'Pívot', 'Primera ronda', 'https://robohash.org/idquisaliquam.png?size=250x250&set=set1', 'Waeng Yai', 'University of Technology Phnom Penh', 15.912, 102.461, 22),
(134, 'Gregorin', 'Halsy Gregorin', '30/07/1997', 204, 119, 'Pívot', 'Segunda ronda', 'https://robohash.org/suntconsequaturipsam.png?size=250x250&set=set1', 'Zishan', 'Université Bordeaux I', 24.922, 118.224, 9),
(135, 'Piggot', 'Artemus Piggot', '23/11/1975', 185, 69, 'Base', 'Primera ronda', 'https://robohash.org/necessitatibussimiliquelabore.png?size=250x250&set=set1', 'Riberalta', 'Universidad Nacional de Salta', -11.0073, -66.0583, 1),
(136, 'Chirm', 'Gage Chirm', '16/07/1991', 204, 94, 'Base', 'Segunda ronda', 'https://robohash.org/solutadistinctioadipisci.png?size=250x250&set=set1', 'Dongshan', 'Fashion Institute of New York', 23.7013, 117.43, 16),
(137, 'Studeart', 'Bayard Studeart', '05/09/1999', 207, 118, 'Base', 'Segunda ronda', 'https://robohash.org/inciduntnequeofficiis.png?size=250x250&set=set1', 'Jincheng', 'Selkirk College', 24.4321, 118.316, 6),
(138, 'McAulay', 'Katrinka McAulay', '29/06/1987', 175, 98, 'Ala-pívot', 'Segunda ronda', 'https://robohash.org/hicdictaquidem.png?size=250x250&set=set1', 'Berestechko', 'Mie University', 50.3634, 25.1108, 17),
(139, 'Bilby', 'Judy Bilby', '17/10/1978', 218, 119, 'Pívot', 'Segunda ronda', 'https://robohash.org/harumaccusamusillum.png?size=250x250&set=set1', 'Rungis', 'Lock Haven University of Pennsylvania', 48.7472, 2.35727, 5),
(140, 'Armsby', 'Mandie Armsby', '16/10/1986', 205, 91, 'Alero', 'Segunda ronda', 'https://robohash.org/consequaturfugitqui.png?size=250x250&set=set1', 'Prince Edward', 'Kettering University (GMI)', 46.6203, -64.3866, 10),
(141, 'Cornewall', 'Hugues Cornewall', '10/06/1987', 176, 106, 'Base', 'Primera ronda', 'https://robohash.org/nonnobisquam.png?size=250x250&set=set1', 'Yongning', 'Kumaun University', 22.7584, 108.487, 2),
(142, 'Gallone', 'Gert Gallone', '29/05/1981', 223, 109, 'Pívot', 'Primera ronda', 'https://robohash.org/etlaudantiummagni.png?size=250x250&set=set1', 'Aguilar', 'Rajshahi University of Engineering and Technology', 14.2352, 120.943, 18),
(143, 'Culter', 'Constancia Culter', '23/11/1988', 193, 81, 'Escolta', 'Segunda ronda', 'https://robohash.org/placeatvitaequi.png?size=250x250&set=set1', 'Chengxi', 'Medical College of Wisconsin', 36.6283, 101.766, 4),
(144, 'Morson', 'Sheff Morson', '12/08/1978', 200, 69, 'Ala-pívot', 'Segunda ronda', 'https://robohash.org/estquibusdameveniet.png?size=250x250&set=set1', 'Ibarra', 'Islamic Azad University, Shiraz', 0.339176, -78.1222, 15),
(145, 'Claypole', 'Gillie Claypole', '15/01/1977', 180, 79, 'Escolta', 'Segunda ronda', 'https://robohash.org/commodivoluptatemperferendis.png?size=250x250&set=set1', 'Sara Kunda', 'Lane College', 13.5332, -15.412, 26),
(146, 'Harrow', 'Cynde Harrow', '08/12/1990', 202, 76, 'Ala-pívot', 'Segunda ronda', 'https://robohash.org/rerumnecessitatibussunt.png?size=250x250&set=set1', 'Nanlin', 'Ufuk University', 32.0603, 118.797, 5),
(147, 'Call', 'Corrie Call', '28/03/1976', 192, 78, 'Ala-pívot', 'Segunda ronda', 'https://robohash.org/providentipsamreprehenderit.png?size=250x250&set=set1', 'Chegdomyn', 'The Master\'s College', 51.1348, 133.039, 5),
(148, 'Featherstone', 'Sarena Featherstone', '28/06/1988', 184, 100, 'Base', 'Primera ronda', 'https://robohash.org/animinisiaut.png?size=250x250&set=set1', 'Macroom', 'Neijiang Teacher University', 51.9046, -8.95893, 5),
(149, 'De Filippo', 'Karna De Filippo', '14/05/1977', 182, 67, 'Escolta', 'Segunda ronda', 'https://robohash.org/solutareprehenderitquis.png?size=250x250&set=set1', 'Yanbei', 'Bergische Universität Gesamthochschule Wuppertal', 24.1118, 112.91, 26),
(150, 'Ledram', 'Reinhard Ledram', '20/07/1992', 183, 79, 'Escolta', 'Primera ronda', 'https://robohash.org/excepturiporrocum.png?size=250x250&set=set1', 'Bulung’ur', 'British University in Dubai', 39.7573, 67.2729, 23),
(151, 'Wolffers', 'Arden Wolffers', '16/08/1998', 192, 105, 'Ala-pívot', 'Primera ronda', 'https://robohash.org/asperioresdeserunteveniet.png?size=250x250&set=set1', 'Fangxian', 'University of Maine, Farmington', 32.0555, 110.741, 28),
(152, 'Asals', 'Nevsa Asals', '11/08/1982', 211, 73, 'Base', 'Segunda ronda', 'https://robohash.org/repellatquieligendi.png?size=250x250&set=set1', 'Umm as Summāq', 'Université du Sahel', 31.978, 35.8492, 26),
(153, 'Capun', 'Keefe Capun', '13/09/1977', 178, 71, 'Ala-pívot', 'Primera ronda', 'https://robohash.org/inciduntdelenitiomnis.png?size=250x250&set=set1', 'Anyang', 'Suzhou University', 36.0976, 114.392, 6),
(154, 'Giraudoux', 'Aleen Giraudoux', '12/04/1975', 198, 69, 'Ala-pívot', 'Segunda ronda', 'https://robohash.org/impeditautemipsum.png?size=250x250&set=set1', 'Arapongas', 'Universitas Dr. R. Moestopo', -23.4158, -51.4264, 2),
(155, 'Simonutti', 'Addy Simonutti', '17/11/1975', 222, 63, 'Escolta', 'Primera ronda', 'https://robohash.org/nequerationesed.png?size=250x250&set=set1', 'Kuzhu', 'Komsomolsk-on-Amur State Technical University', 26.9821, 117.98, 14),
(156, 'Simunek', 'Locke Simunek', '20/05/1998', 186, 115, 'Base', 'Primera ronda', 'https://robohash.org/assumendavoluptasiste.png?size=250x250&set=set1', 'Vide', 'College of St. Rose', 20.6519, -105.206, 24),
(157, 'Easterling', 'Louella Easterling', '27/12/1979', 174, 67, 'Alero', 'Primera ronda', 'https://robohash.org/iurevelitpariatur.png?size=250x250&set=set1', 'Qiulu', 'Université de Sfax', 42.3683, 125.435, 15),
(158, 'Kleinber', 'Nicolina Kleinber', '19/05/1990', 173, 66, 'Alero', 'Primera ronda', 'https://robohash.org/laudantiumfugiateum.png?size=250x250&set=set1', 'Núi Đối', 'Universiteit Gent', 20.7527, 106.672, 13),
(159, 'Carous', 'Teddy Carous', '26/06/1988', 175, 75, 'Escolta', 'Segunda ronda', 'https://robohash.org/repellatquianatus.png?size=250x250&set=set1', 'Yonkers', 'Taurida National V.I.Vernadsky University', 40.9181, -73.8978, 1),
(160, 'Dowsing', 'Cordelie Dowsing', '24/02/1985', 193, 104, 'Base', 'Segunda ronda', 'https://robohash.org/veniamnisiitaque.png?size=250x250&set=set1', 'Magnitogorsk', 'Technical University of Gdansk', 53.3621, 58.9682, 28),
(161, 'Voysey', 'Feodor Voysey', '01/05/1992', 176, 85, 'Escolta', 'Primera ronda', 'https://robohash.org/voluptatumautnostrum.png?size=250x250&set=set1', 'Ruzayevka', 'Hodeidah University', 54.0279, 44.8842, 17),
(162, 'Clelland', 'Shurlock Clelland', '23/08/1977', 219, 80, 'Pívot', 'Segunda ronda', 'https://robohash.org/nisitemporenobis.png?size=250x250&set=set1', 'Dongen', 'Universidad Metropolitana', 51.6271, 4.9413, 3),
(163, 'Feast', 'Madella Feast', '29/03/1987', 186, 81, 'Escolta', 'Segunda ronda', 'https://robohash.org/laudantiumtemporibusest.png?size=250x250&set=set1', 'Butterworth', 'Instituto Politécnico de Beja', 5.51568, 100.419, 27),
(164, 'Moors', 'Deeyn Moors', '05/05/1981', 191, 61, 'Alero', 'Segunda ronda', 'https://robohash.org/idquofugit.png?size=250x250&set=set1', 'Kahabe', 'Siebold University of Nagasaki', -10.5676, 121.931, 12),
(165, 'Lethbrig', 'Sol Lethbrig', '01/02/1977', 204, 75, 'Alero', 'Primera ronda', 'https://robohash.org/quodquiaet.png?size=250x250&set=set1', 'Novopavlovsk', 'Fachhochschule Hof', 43.9577, 43.6313, 12),
(166, 'Woolfall', 'Ian Woolfall', '13/02/1996', 163, 76, 'Base', 'Segunda ronda', 'https://robohash.org/ullamestbeatae.png?size=250x250&set=set1', 'Bojongaren', 'DeVry Institute of Technology', -7.6445, 108.645, 9),
(167, 'Boultwood', 'Delmer Boultwood', '10/07/1997', 165, 77, 'Escolta', 'Primera ronda', 'https://robohash.org/architectominimaqui.png?size=250x250&set=set1', 'Chumphon Buri', 'University of Bridgeport', 15.7872, 104.148, 28),
(168, 'Blyth', 'Jannelle Blyth', '11/05/1998', 202, 86, 'Ala-pívot', 'Segunda ronda', 'https://robohash.org/doloremqueconsequunturaut.png?size=250x250&set=set1', 'Canomoy', 'Fukuoka University', 12.141, 123.276, 16),
(169, 'Sircombe', 'Peyter Sircombe', '25/11/1995', 215, 105, 'Base', 'Primera ronda', 'https://robohash.org/voluptatibusquisfacilis.png?size=250x250&set=set1', 'Bumbuna', 'Universidad de La Salle', 9.04537, -11.7481, 12),
(170, 'Longshaw', 'Ingaborg Longshaw', '31/12/1990', 183, 60, 'Pívot', 'Segunda ronda', 'https://robohash.org/nihililloet.png?size=250x250&set=set1', 'Marco', 'Lebanese American University', -11.7387, -75.5611, 19),
(171, 'Saywell', 'Nina Saywell', '30/03/1977', 199, 80, 'Alero', 'Segunda ronda', 'https://robohash.org/etesttempore.png?size=250x250&set=set1', 'Rancapare', 'Universidad Nacional de Cuyo', -7.1568, 107.944, 6),
(172, 'Iacopini', 'Jay Iacopini', '18/06/1987', 178, 92, 'Alero', 'Segunda ronda', 'https://robohash.org/illodistinctioconsequatur.png?size=250x250&set=set1', 'Krutinka', 'Pädagogische Hochschule Weingarten', 56.0058, 71.5006, 22),
(173, 'Hehir', 'Virgil Hehir', '12/06/1987', 184, 68, 'Alero', 'Segunda ronda', 'https://robohash.org/voluptatemautemid.png?size=250x250&set=set1', 'São Félix do Xingu', 'Dankook University', -7.01795, -52.3613, 4),
(174, 'Murtagh', 'Inge Murtagh', '28/04/1982', 181, 116, 'Alero', 'Segunda ronda', 'https://robohash.org/magnamquasipossimus.png?size=250x250&set=set1', 'Cianorte', 'Ecole National d\'Agriculture de Meknes', -23.7017, -52.66, 7),
(175, 'Owers', 'Dori Owers', '02/12/1988', 210, 117, 'Escolta', 'Primera ronda', 'https://robohash.org/deseruntetaut.png?size=250x250&set=set1', 'Nūbā', 'Embry Riddle Aeronautical University, Prescott', 31.6074, 35.0391, 29),
(176, 'Lagden', 'Hugo Lagden', '04/09/1985', 198, 89, 'Alero', 'Segunda ronda', 'https://robohash.org/voluptatumnumquamfacere.png?size=250x250&set=set1', 'Đắk Mâm', 'Southwestern Baptist Theological Seminary', 12.4579, 107.817, 28),
(177, 'Hearnshaw', 'Eugen Hearnshaw', '03/08/1983', 196, 78, 'Pívot', 'Segunda ronda', 'https://robohash.org/velitdolorumqui.png?size=250x250&set=set1', 'Buga', 'Wittenborg University', 48.948, 90.0134, 16),
(178, 'Flageul', 'Tessy Flageul', '26/01/1998', 171, 97, 'Base', 'Primera ronda', 'https://robohash.org/animireiciendisincidunt.png?size=250x250&set=set1', 'Abastumani', 'North Carolina Wesleyan College', 41.7556, 42.8315, 15),
(179, 'Middlehurst', 'Kendra Middlehurst', '31/07/1995', 213, 84, 'Base', 'Segunda ronda', 'https://robohash.org/istevelvoluptatum.png?size=250x250&set=set1', 'Kliteh', 'Institute of Public Administration', -7.12931, 111.703, 5),
(180, 'Pipping', 'Bab Pipping', '23/06/1981', 171, 117, 'Alero', 'Primera ronda', 'https://robohash.org/voluptasperspiciatisqui.png?size=250x250&set=set1', 'Fauske', 'University of Cincinnati', 67.2611, 15.3602, 17),
(181, 'Furzer', 'Rupert Furzer', '20/01/1990', 220, 113, 'Base', 'Segunda ronda', 'https://robohash.org/itaquebeataedebitis.png?size=250x250&set=set1', 'Tapakrejo', 'Chiba Keizai University', -8.11012, 112.396, 28),
(182, 'Littlepage', 'Nealson Littlepage', '31/08/1995', 194, 90, 'Escolta', 'Primera ronda', 'https://robohash.org/explicaboquoprovident.png?size=250x250&set=set1', 'Thị Trấn Phong Thổ', 'Calvin College', 21.4981, 105.72, 5),
(183, 'Juggins', 'Louise Juggins', '27/04/1982', 220, 106, 'Alero', 'Primera ronda', 'https://robohash.org/iurenisia.png?size=250x250&set=set1', 'Paraíso', 'University Goce Delcev', 41.0121, -8.30467, 5),
(184, 'Brunet', 'Kele Brunet', '09/09/1993', 205, 110, 'Base', 'Segunda ronda', 'https://robohash.org/suscipitrerumid.png?size=250x250&set=set1', 'Struga', 'Ashiya University', 41.1735, 20.6793, 7),
(185, 'Benadette', 'Clayborne Benadette', '07/02/1983', 172, 100, 'Pívot', 'Primera ronda', 'https://robohash.org/ullamvoluptassed.png?size=250x250&set=set1', 'Belém', 'Colorado College', -6.69064, -35.5001, 17),
(186, 'Cadagan', 'Ingeberg Cadagan', '15/06/1988', 222, 111, 'Alero', 'Segunda ronda', 'https://robohash.org/expeditaquodunde.png?size=250x250&set=set1', 'Gongping', 'Odessa National Polytechnic University', 29.2658, 103.553, 28),
(187, 'Gossington', 'Fredericka Gossington', '06/09/1990', 224, 109, 'Base', 'Primera ronda', 'https://robohash.org/quismolestiasdignissimos.png?size=250x250&set=set1', 'Zhangcun', 'The Corcoran College of Art', 43.8171, 125.324, 13),
(188, 'Klimentyev', 'Cordy Klimentyev', '08/01/1976', 163, 70, 'Alero', 'Segunda ronda', 'https://robohash.org/accusantiumevenietmolestiae.png?size=250x250&set=set1', 'Atok', 'Katharine Gibbs School', 14.6306, 121.006, 5),
(189, 'Pesselt', 'Almira Pesselt', '28/12/1982', 174, 94, 'Pívot', 'Primera ronda', 'https://robohash.org/perferendislaboriosameveniet.png?size=250x250&set=set1', 'Shchuchin', 'European Management School', 53.6041, 24.7419, 15),
(190, 'Elphee', 'Eula Elphee', '23/04/1983', 172, 88, 'Pívot', 'Primera ronda', 'https://robohash.org/maioresquidolores.png?size=250x250&set=set1', 'Siukh', 'Police Academy', 42.6002, 46.5478, 20),
(191, 'Orlton', 'Debora Orlton', '14/03/1995', 210, 102, 'Alero', 'Primera ronda', 'https://robohash.org/quoquasenim.png?size=250x250&set=set1', 'Bauan', 'Logan College of Chiropractic', 13.7832, 120.989, 24),
(192, 'Fullerlove', 'Oliy Fullerlove', '18/07/1983', 166, 108, 'Alero', 'Primera ronda', 'https://robohash.org/earumtemporafugit.png?size=250x250&set=set1', 'Tapiramutá', 'Cameron University', -11.9007, -40.7564, 24),
(193, 'Petran', 'Leland Petran', '30/08/1983', 192, 73, 'Base', 'Segunda ronda', 'https://robohash.org/impeditdignissimosest.png?size=250x250&set=set1', 'Jimaguayú', 'St. Petersburg State University of Aerospace Instrumentation', 21.2417, -77.8267, NULL),
(194, 'Mineghelli', 'Wally Mineghelli', '07/08/1975', 201, 67, 'Ala-pívot', 'Primera ronda', 'https://robohash.org/ipsaetaperiam.png?size=250x250&set=set1', 'Vatutino', 'Bahauddin Zakariya University, Multan', 59.3888, 30.2868, 26),
(195, 'Guerrier', 'Amargo Guerrier', '26/11/1986', 170, 97, 'Base', 'Segunda ronda', 'https://robohash.org/assumendavoluptatemdolorem.png?size=250x250&set=set1', 'Jibu Hulangtu', 'Tri-State University', 48.9687, 117.773, 11),
(196, 'Hassekl', 'Jolee Hassekl', '13/03/1979', 206, 96, 'Alero', 'Segunda ronda', 'https://robohash.org/rerumullamquaerat.png?size=250x250&set=set1', 'Jingcheng', 'Johns Hopkins University, SAIS Bologna Center', 29.2813, 117.225, 6),
(197, 'Overshott', 'Rosemonde Overshott', '12/03/1979', 197, 73, 'Ala-pívot', 'Primera ronda', 'https://robohash.org/aliquidinvoluptatem.png?size=250x250&set=set1', 'Sakhipur', 'Estonian Academy of Arts', 24.2865, 90.187, 4),
(198, 'Pinare', 'Corry Pinare', '22/06/1998', 212, 100, 'Pívot', 'Segunda ronda', 'https://robohash.org/omnisomnisaspernatur.png?size=250x250&set=set1', 'Olleros', 'Universidad Mayor de San Andrés', -12.2179, -76.5149, 6),
(199, 'Marthen', 'Adam Marthen', '15/05/1983', 196, 82, 'Base', 'Segunda ronda', 'https://robohash.org/recusandaeutsimilique.png?size=250x250&set=set1', 'Herāt', 'Adams State College', 34.3529, 62.204, 19),
(200, 'Rotge', 'Bryana Rotge', '30/10/1987', 221, 75, 'Escolta', 'Primera ronda', 'https://robohash.org/sintdoloresbeatae.png?size=250x250&set=set1', 'Alexandria', 'Toin University of Yokohama', 38.724, -77.1082, 27),
(201, 'Franken', 'Rheta Franken', '24/03/1977', 171, 101, 'Alero', 'Primera ronda', 'https://robohash.org/suscipitaliquamnemo.png?size=250x250&set=set1', 'Trbovlje', 'Hawaii Pacific University', 46.1504, 15.0453, 23),
(202, 'Osborne', 'Vally Osborne', '11/02/1989', 217, 119, 'Alero', 'Primera ronda', 'https://robohash.org/eatemporaquisquam.png?size=250x250&set=set1', 'Ringinrejo', 'Omdurman Ahlia University', -7.97945, 112.042, 1),
(203, 'Crutchfield', 'Carlee Crutchfield', '27/06/1994', 223, 62, 'Pívot', 'Primera ronda', 'https://robohash.org/voluptatemnemocommodi.png?size=250x250&set=set1', 'Velké Hoštice', 'Beppu University', 49.9361, 17.9738, 25),
(204, 'Hairon', 'Rustie Hairon', '24/06/1990', 201, 78, 'Base', 'Segunda ronda', 'https://robohash.org/liberoquisdoloribus.png?size=250x250&set=set1', 'Sale', 'L.N. Gumilyov Eurasian National University', -6.85247, 111.559, 10),
(205, 'Messum', 'Emery Messum', '04/04/1976', 198, 66, 'Ala-pívot', 'Segunda ronda', 'https://robohash.org/nesciuntrepellendusmollitia.png?size=250x250&set=set1', 'Al Jumūm', 'The Queen\'s University Belfast', 21.6475, 39.7137, 23),
(206, 'Burbury', 'Molly Burbury', '16/02/1993', 171, 94, 'Pívot', 'Segunda ronda', 'https://robohash.org/nobiseaveniam.png?size=250x250&set=set1', 'Weixing', 'St. John\'s College Maryland', 28.8668, 121.171, 26),
(207, 'McFade', 'Stacia McFade', '08/12/1990', 201, 75, 'Base', 'Segunda ronda', 'https://robohash.org/quietaut.png?size=250x250&set=set1', 'Hekou', 'Huntington College', 22.5294, 103.939, 22),
(208, 'Rickerd', 'Gabbie Rickerd', '13/04/1986', 180, 118, 'Base', 'Primera ronda', 'https://robohash.org/sapienteexcepturivel.png?size=250x250&set=set1', 'Aeka', 'Eastern Nazarene College', -6.23115, 106.827, 16),
(209, 'Costello', 'Kelby Costello', '08/02/1985', 177, 93, 'Base', 'Segunda ronda', 'https://robohash.org/aperiamquiset.png?size=250x250&set=set1', 'Palangkaraya', 'Universidad Adventista de Bolivia', -2.2161, 113.914, 20),
(210, 'Fellgatt', 'Oliy Fellgatt', '15/04/1981', 194, 111, 'Pívot', 'Primera ronda', 'https://robohash.org/adautcum.png?size=250x250&set=set1', 'Koumra', '3rd Military Medical University', 8.91727, 17.5505, 2),
(211, 'Ruslinge', 'Allegra Ruslinge', '16/09/1993', 208, 98, 'Pívot', 'Primera ronda', 'https://robohash.org/adipiscinamqui.png?size=250x250&set=set1', 'Repki', 'Université de Toulouse', 52.3851, 22.3913, 20),
(212, 'Gowlett', 'Micheal Gowlett', '30/08/1990', 199, 70, 'Escolta', 'Primera ronda', 'https://robohash.org/molestiaeevenietquisquam.png?size=250x250&set=set1', 'Bila Tserkva', 'Universität Köln', 49.7968, 30.1311, 11),
(213, 'Batalle', 'Alix Batalle', '17/05/1981', 163, 84, 'Alero', 'Segunda ronda', 'https://robohash.org/facereaccusantiumvelit.png?size=250x250&set=set1', 'Yongfa', 'Universidade da Madeira', 23.3643, 116.7, 10),
(214, 'Manser', 'Kennett Manser', '02/03/1998', 185, 92, 'Pívot', 'Segunda ronda', 'https://robohash.org/itaquenemoiusto.png?size=250x250&set=set1', 'Mutangyuan', 'Université d\'Angers', 29.009, 111.574, 2),
(215, 'Mullett', 'Hi Mullett', '16/02/1977', 206, 94, 'Ala-pívot', 'Primera ronda', 'https://robohash.org/earumanimiest.png?size=250x250&set=set1', 'Borda da Mata', 'American Jewish University', -22.2692, -46.1641, 9),
(216, 'D\'Alesco', 'Ogdon D\'Alesco', '16/11/1990', 193, 71, 'Alero', 'Segunda ronda', 'https://robohash.org/omnismolestiaelaboriosam.png?size=250x250&set=set1', 'Kōfu-shi', 'National University of Arts', 35.6492, 138.588, 2),
(217, 'Chessil', 'Manfred Chessil', '05/02/1996', 194, 103, 'Base', 'Primera ronda', 'https://robohash.org/nonvoluptaslibero.png?size=250x250&set=set1', 'Gemena', 'Istanbul Ticaret University', 3.25155, 19.777, 11),
(218, 'Jozefowicz', 'Blanch Jozefowicz', '14/11/1996', 184, 114, 'Ala-pívot', 'Segunda ronda', 'https://robohash.org/aspernaturconsequunturcumque.png?size=250x250&set=set1', 'Bor', 'Universidade Santa Úrsula', 6.21327, 31.5655, 7),
(219, 'Hardy-Piggin', 'Humfrid Hardy-Piggin', '19/12/1979', 171, 85, 'Ala-pívot', 'Primera ronda', 'https://robohash.org/sedestdeserunt.png?size=250x250&set=set1', 'Okpo', 'Universidad de la Tercera Edad', 7.21618, 7.55993, 13),
(220, 'Kolakovic', 'Stafani Kolakovic', '29/03/1980', 225, 68, 'Base', 'Primera ronda', 'https://robohash.org/aspernaturreprehenderitiusto.png?size=250x250&set=set1', 'Ādīs Zemen', 'World University of Bangladesh', 12.1236, 37.7796, 19),
(221, 'Northcote', 'Debor Northcote', '25/12/1984', 214, 90, 'Escolta', 'Primera ronda', 'https://robohash.org/quiailloconsequuntur.png?size=250x250&set=set1', 'Huangtugang', 'Gardner Webb University', 30.4537, 114.872, 2),
(222, 'Le Provost', 'Pebrook Le Provost', '10/09/1992', 193, 78, 'Escolta', 'Primera ronda', 'https://robohash.org/voluptasetvoluptatem.png?size=250x250&set=set1', 'Arshaluys', 'Central Michigan University', 40.1667, 44.2124, 2),
(223, 'Bostock', 'Chad Bostock', '20/03/1988', 185, 68, 'Ala-pívot', 'Segunda ronda', 'https://robohash.org/quiarchitectoeos.png?size=250x250&set=set1', 'Taoyuan', 'Academy of Art College', 24.9936, 121.301, 2),
(224, 'Pethrick', 'Minnnie Pethrick', '25/03/1979', 209, 64, 'Alero', 'Primera ronda', 'https://robohash.org/nonatqueat.png?size=250x250&set=set1', 'Al Fukhkhārī', 'Suzhou University', 31.2952, 34.3332, 12),
(225, 'Angrove', 'Eleonora Angrove', '20/11/1984', 208, 94, 'Alero', 'Segunda ronda', 'https://robohash.org/similiquefacilisautem.png?size=250x250&set=set1', 'Changling', 'Cyprus International Institute of Management (CIIM)', 44.2759, 123.967, 23);
INSERT INTO `jugadores` (`id_jugador`, `nombre_principal`, `nombre_completo`, `fecha_nacimiento`, `altura`, `peso`, `posicion`, `draft`, `imagen`, `ciudad`, `universidad`, `latitud`, `longitud`, `id_franquicia`) VALUES
(226, 'Bramich', 'Antonio Bramich', '07/05/1977', 162, 69, 'Escolta', 'Segunda ronda', 'https://robohash.org/porropossimusdicta.png?size=250x250&set=set1', 'Babiak', 'Osun State University', 52.3537, 18.6995, 22),
(227, 'Solland', 'Jacob Solland', '01/09/1991', 163, 104, 'Pívot', 'Segunda ronda', 'https://robohash.org/excepturilaboriosamnesciunt.png?size=250x250&set=set1', 'Hitachi', 'Technological University (Mawlamyaing)', 36.6287, 140.662, 7),
(228, 'Durrance', 'Mommy Durrance', '06/11/1977', 163, 63, 'Pívot', 'Primera ronda', 'https://robohash.org/eligendidoloresanimi.png?size=250x250&set=set1', 'Matanzas', 'Buena Vista University', 23.0303, -81.5322, 20),
(229, 'McGovern', 'Cornie McGovern', '18/06/1995', 172, 65, 'Pívot', 'Segunda ronda', 'https://robohash.org/ducimusdoloremqui.png?size=250x250&set=set1', 'Quezalguaque', 'Universitas Ngurah Rai', 12.5078, -86.9035, 28),
(230, 'Antonchik', 'Levey Antonchik', '11/01/1993', 223, 100, 'Ala-pívot', 'Segunda ronda', 'https://robohash.org/providentoccaecativel.png?size=250x250&set=set1', 'Dobrovo', 'Zagazig University', 45.9975, 13.5271, 21),
(232, 'Renouf', 'Alys Renouf', '15/04/1991', 211, 108, 'Ala-pívot', 'Segunda ronda', 'https://robohash.org/suntutipsam.png?size=250x250&set=set1', 'Xihanling', 'University of Idaho', 34.8506, 114.86, 16),
(233, 'Roseburgh', 'Lavinie Roseburgh', '11/04/1988', 211, 85, 'Ala-pívot', 'Primera ronda', 'https://robohash.org/sapienteesteos.png?size=250x250&set=set1', 'Huitong', 'Wayamba University of Sri Lanka ', 26.8872, 109.736, 11),
(234, 'Sustins', 'Ree Sustins', '23/04/1988', 202, 116, 'Escolta', 'Primera ronda', 'https://robohash.org/estautquia.png?size=250x250&set=set1', 'Tiassalé', 'Université d\'Antananarivo', 5.90426, -4.82614, 20),
(235, 'Averall', 'Pippa Averall', '05/05/1992', 179, 90, 'Escolta', 'Segunda ronda', 'https://robohash.org/minimaeiusmolestias.png?size=250x250&set=set1', 'Bourgoin-Jallieu', 'Islamic University College', 45.5839, 5.27337, 15),
(236, 'Gianilli', 'Samson Gianilli', '05/09/1992', 188, 86, 'Escolta', 'Primera ronda', 'https://robohash.org/occaecatireprehenderitreiciendis.png?size=250x250&set=set1', 'Argungu', 'Mountain State University', 12.7495, 4.53666, 18),
(237, 'Foukx', 'Lucien Foukx', '25/03/1988', 179, 109, 'Alero', 'Segunda ronda', 'https://robohash.org/ipsasaepebeatae.png?size=250x250&set=set1', 'Pangkalan Kasai', 'University of Kuopio', -0.60591, 102.415, 20),
(238, 'Caird', 'Randie Caird', '06/01/1979', 187, 89, 'Base', 'Primera ronda', 'https://robohash.org/consequunturfugitalias.png?size=250x250&set=set1', 'Darungan', 'Technological University (Meikhtila)', -7.77666, 112.158, 12),
(239, 'Ridings', 'Garvy Ridings', '01/08/1981', 190, 105, 'Escolta', 'Primera ronda', 'https://robohash.org/quosexpeditaest.png?size=250x250&set=set1', 'Mizi', 'Ecole Mohammadia d\'Ingénieurs', 37.8157, 112.521, 5),
(240, 'Bromwich', 'Randall Bromwich', '20/10/1979', 191, 98, 'Escolta', 'Primera ronda', 'https://robohash.org/siteosquia.png?size=250x250&set=set1', 'Bichena', 'The College of Insurance', 10.4478, 38.2032, 13),
(241, 'Ksandra', 'Corinna Ksandra', '27/10/1986', 204, 64, 'Ala-pívot', 'Primera ronda', 'https://robohash.org/deseruntmolestiaeaut.png?size=250x250&set=set1', 'Dadiya', 'Barkatullah University', 9.61642, 11.4347, 1),
(242, 'Rouby', 'Madonna Rouby', '23/01/1996', 217, 89, 'Pívot', 'Primera ronda', 'https://robohash.org/temporibussuscipitodit.png?size=250x250&set=set1', 'Myeik', 'Tokyo College of Music', 12.4492, 98.6271, 22),
(243, 'Veillard', 'Paulo Veillard', '18/01/1991', 198, 70, 'Alero', 'Primera ronda', 'https://robohash.org/quiautid.png?size=250x250&set=set1', 'Anau', 'Università Pontifcia Salesiana', -17.3879, -145.583, 27),
(244, 'Covill', 'Ken Covill', '12/06/1999', 161, 97, 'Base', 'Segunda ronda', 'https://robohash.org/voluptatesinventoreet.png?size=250x250&set=set1', 'Tampa', 'Lampang College of Commerce and Technology', 28.0003, -82.5889, 15),
(245, 'Drews', 'Adorne Drews', '11/08/1977', 221, 78, 'Pívot', 'Segunda ronda', 'https://robohash.org/iustoipsamculpa.png?size=250x250&set=set1', 'Askim', 'University of St. Andrews', 59.597, 11.1772, 8),
(246, 'Ismail', 'Ev Ismail', '20/11/1976', 193, 63, 'Alero', 'Primera ronda', 'https://robohash.org/sequietqui.png?size=250x250&set=set1', 'Qalqaman', 'Vermont Technical College', 51.148, 71.4256, 4),
(247, 'Eton', 'Hanni Eton', '02/09/1997', 173, 92, 'Pívot', 'Primera ronda', 'https://robohash.org/omnisquicorporis.png?size=250x250&set=set1', 'Manning', 'Universidad Obrera de Mexico', 56.9168, -117.619, 9),
(248, 'Buscombe', 'Ailbert Buscombe', '27/12/1979', 165, 97, 'Alero', 'Segunda ronda', 'https://robohash.org/voluptasundevoluptatem.png?size=250x250&set=set1', 'Águas Formosas', 'Toho Gakuen School of Music', -17.0807, -40.9387, 18),
(249, 'Alfuso', 'Chere Alfuso', '25/07/1978', 164, 108, 'Pívot', 'Segunda ronda', 'https://robohash.org/ipsamutadipisci.png?size=250x250&set=set1', 'Feondari', 'Bratsk State Technical University', -8.6678, 122.033, 19),
(250, 'Longina', 'Jenni Longina', '06/07/1975', 192, 104, 'Pívot', 'Primera ronda', 'https://robohash.org/quinamoptio.png?size=250x250&set=set1', 'Voloka', 'United States Military Academy', 48.1945, 25.932, 6),
(251, 'Mendus', 'Alicia Mendus', '17/08/1988', 211, 104, 'Alero', 'Segunda ronda', 'https://robohash.org/eosrembeatae.png?size=250x250&set=set1', 'Nizhyn', 'Harvey Mudd College', 51.0378, 31.8881, 15),
(252, 'Stirtle', 'Alysa Stirtle', '26/01/1997', 215, 114, 'Alero', 'Primera ronda', 'https://robohash.org/nisiquasised.png?size=250x250&set=set1', 'Cahul', 'Fachhochschule Schwäbisch Gmünd, Hochschule für Gestaltung', 47.7821, 27.9307, 21),
(253, 'Enrdigo', 'Stepha Enrdigo', '04/03/1976', 209, 87, 'Ala-pívot', 'Segunda ronda', 'https://robohash.org/fugaquiet.png?size=250x250&set=set1', 'Vangaindrano', 'Universidad Católica de Santiago del Estero', -23.3505, 47.5914, 22),
(254, 'Camilio', 'Norbert Camilio', '11/08/1993', 184, 80, 'Alero', 'Primera ronda', 'https://robohash.org/ullamaccusamusomnis.png?size=250x250&set=set1', 'Bandeirantes', 'Taipei Medical College', -23.1087, -50.3675, 25),
(255, 'Fulk', 'Rebecca Fulk', '07/07/1991', 221, 65, 'Pívot', 'Primera ronda', 'https://robohash.org/laboremagnamnon.png?size=250x250&set=set1', 'Ulaan Khat', 'Instituto Tecnológico de León', 47.9826, 89.8417, 22),
(256, 'Amoss', 'Alfredo Amoss', '02/04/1981', 170, 116, 'Alero', 'Segunda ronda', 'https://robohash.org/atquetemporeexplicabo.png?size=250x250&set=set1', 'Nunleu', 'Physical Education Academy \"Jozef Pilsudski\" in Warsaw', -9.87987, 124.636, 9),
(257, 'Sabathe', 'Rab Sabathe', '22/10/1987', 198, 109, 'Alero', 'Primera ronda', 'https://robohash.org/dolorsedrerum.png?size=250x250&set=set1', 'Pembroke', 'Volgograd State Technical University', 45.8056, -77.0941, 23),
(258, 'Dunguy', 'Ted Dunguy', '17/07/1990', 200, 110, 'Escolta', 'Segunda ronda', 'https://robohash.org/inciduntoptioquisquam.png?size=250x250&set=set1', 'Bunut', 'Pomor State University', 0.256167, 102.118, 12),
(259, 'Merryfield', 'Georgetta Merryfield', '29/05/1978', 177, 63, 'Pívot', 'Segunda ronda', 'https://robohash.org/quodisteillum.png?size=250x250&set=set1', 'San Jose', 'Uttar Pradesh Technical University', 25.8008, -100.428, 6),
(260, 'Hellens', 'Linell Hellens', '01/09/1989', 209, 84, 'Ala-pívot', 'Primera ronda', 'https://robohash.org/ipsamdelectuspossimus.png?size=250x250&set=set1', 'Golema Rečica', 'Arkansas Tech University', 41.988, 20.9452, 2),
(261, 'Askam', 'Cole Askam', '07/01/1986', 168, 95, 'Escolta', 'Primera ronda', 'https://robohash.org/namquiperspiciatis.png?size=250x250&set=set1', 'Tessalit', 'Nara Women\'s University', 20.2574, 0.99103, 25),
(262, 'Filmer', 'Sapphire Filmer', '28/05/1983', 180, 91, 'Escolta', 'Segunda ronda', 'https://robohash.org/dolorumarchitectoreiciendis.png?size=250x250&set=set1', 'Kamionka', 'Yokohama College of Commerce', 51.4464, 22.4628, NULL),
(263, 'Basile', 'Melamie Basile', '05/04/1983', 215, 71, 'Pívot', 'Primera ronda', 'https://robohash.org/teneturblanditiisa.png?size=250x250&set=set1', 'Nelspruit', 'Birla Institute of Technology and Science', -25.5007, 30.9136, 20),
(264, 'Orford', 'Christabel Orford', '28/11/1990', 160, 88, 'Base', 'Primera ronda', 'https://robohash.org/autautquas.png?size=250x250&set=set1', 'Champigny-sur-Marne', 'Technological University (Sittwe)', 48.8271, 2.51115, 26),
(265, 'Janca', 'Loralee Janca', '15/11/1988', 161, 97, 'Base', 'Primera ronda', 'https://robohash.org/laboreofficiisut.png?size=250x250&set=set1', 'Ankazobe', 'Conestoga College', -18.3182, 47.1119, 2),
(266, 'Mugglestone', 'Freedman Mugglestone', '15/02/1991', 178, 107, 'Pívot', 'Segunda ronda', 'https://robohash.org/accusamusutvelit.png?size=250x250&set=set1', 'Aksu', 'Institut des Sciences de l\'Ingénieur de Clermont-Ferrand', 52.0405, 76.9263, 12),
(267, 'Thinn', 'Nannie Thinn', '11/11/1988', 224, 83, 'Pívot', 'Primera ronda', 'https://robohash.org/sedsuntcommodi.png?size=250x250&set=set1', 'Croissy-sur-Seine', 'University of Alaska (System)', 48.8805, 2.14768, NULL),
(268, 'Durtnel', 'Farrah Durtnel', '22/11/1999', 180, 62, 'Base', 'Segunda ronda', 'https://robohash.org/quilaudantiumiste.png?size=250x250&set=set1', 'Yuelai', 'Fachhochschule Lippe', 29.7228, 106.535, 26),
(269, 'O\'Dennehy', 'Dacey O\'Dennehy', '30/04/1997', 197, 98, 'Pívot', 'Primera ronda', 'https://robohash.org/doloresnihilconsequuntur.png?size=250x250&set=set1', 'Tong’an', 'Ateneo de Naga University', 24.7227, 118.152, 25),
(270, 'Top', 'Lillis Top', '12/07/1992', 184, 79, 'Alero', 'Primera ronda', 'https://robohash.org/eumtemporaillum.png?size=250x250&set=set1', 'Bosanski Brod', 'Athabasca University', 45.1455, 17.9937, 20),
(271, 'Blaszczak', 'Coop Blaszczak', '20/04/1999', 173, 116, 'Escolta', 'Primera ronda', 'https://robohash.org/eaquequiain.png?size=250x250&set=set1', 'Зуунмод', 'Universitas Trilogi', 47.7009, 106.958, 21),
(272, 'Charter', 'Rik Charter', '18/06/1992', 223, 85, 'Escolta', 'Segunda ronda', 'https://robohash.org/velitilloquis.png?size=250x250&set=set1', 'Caen', 'Ho Chi Minh City University of Technology', 49.2221, -0.444015, 28),
(273, 'Gartrell', 'Obediah Gartrell', '20/09/1983', 217, 100, 'Base', 'Segunda ronda', 'https://robohash.org/consequaturrerumenim.png?size=250x250&set=set1', 'Cilebang Satu', 'Krishna University', -6.6591, 106.293, 14),
(274, 'Canizares', 'Amaleta Canizares', '24/05/1998', 187, 70, 'Alero', 'Segunda ronda', 'https://robohash.org/oditperferendisreiciendis.png?size=250x250&set=set1', 'Arboleda', 'Oregon Health Sciences University', 6.03515, -75.4273, 14),
(275, 'Bett', 'Goldia Bett', '01/07/1994', 197, 110, 'Pívot', 'Segunda ronda', 'https://robohash.org/quamexet.png?size=250x250&set=set1', 'Budayuan', 'Rush University', 40.9355, 125.341, 5),
(276, 'Zmitrichenko', 'Amata Zmitrichenko', '21/06/1991', 178, 85, 'Ala-pívot', 'Segunda ronda', 'https://robohash.org/commodiistevoluptas.png?size=250x250&set=set1', 'Xiazhai', 'Lawrence University', 24.3471, 117.175, 7),
(277, 'Brookson', 'Ario Brookson', '05/09/1986', 207, 95, 'Alero', 'Segunda ronda', 'https://robohash.org/utsolutamagni.png?size=250x250&set=set1', 'Dundbürd', 'American International University West Africa', 47.9451, 111.498, 9),
(278, 'Trustram', 'Nichol Trustram', '07/02/1997', 186, 82, 'Alero', 'Primera ronda', 'https://robohash.org/hicrerumet.png?size=250x250&set=set1', 'Qingchuan', 'Queens College', 32.5755, 105.239, 18),
(279, 'Iggo', 'Trudi Iggo', '01/03/1999', 200, 108, 'Alero', 'Primera ronda', 'https://robohash.org/omnisundecum.png?size=250x250&set=set1', 'Puerto Maldonado', 'National Museum Institute of History of Art, Conservation and Museology', -12.5909, -69.1963, 5),
(280, 'Benedtti', 'Alysa Benedtti', '07/05/1998', 195, 95, 'Base', 'Primera ronda', 'https://robohash.org/autfacilisquo.png?size=250x250&set=set1', 'Lotoshino', 'Turin Polytechnic University In Tashkent', 56.2279, 35.6372, 21),
(281, 'Zellner', 'Lizette Zellner', '11/12/1978', 201, 89, 'Base', 'Segunda ronda', 'https://robohash.org/perferendispraesentiumillo.png?size=250x250&set=set1', 'Jaba‘', 'Cleveland Institute of Art', 32.325, 35.2202, 15),
(282, 'Yemm', 'Farrell Yemm', '03/03/1985', 220, 105, 'Alero', 'Primera ronda', 'https://robohash.org/etomnisdeserunt.png?size=250x250&set=set1', 'Trnovska Vas', 'Institute of Teachers Education, Rajang', 46.5201, 15.8866, 22),
(283, 'Heinz', 'Kerr Heinz', '05/05/1978', 198, 85, 'Alero', 'Primera ronda', 'https://robohash.org/quiomnisea.png?size=250x250&set=set1', 'Wanasari Baleran', 'Tongji Medical University', -8.4849, 115.135, 19),
(284, 'Pithie', 'Fan Pithie', '27/05/1990', 171, 63, 'Escolta', 'Segunda ronda', 'https://robohash.org/veritatisvoluptasofficiis.png?size=250x250&set=set1', 'Áno Kopanákion', 'Sumgait State University', 37.2833, 21.8167, 4),
(285, 'Fentem', 'Jory Fentem', '06/09/1983', 178, 93, 'Escolta', 'Segunda ronda', 'https://robohash.org/nemoeosrerum.png?size=250x250&set=set1', 'Caja', 'Utkal University', -12.8833, -74.4667, 5),
(286, 'Broadis', 'Tulley Broadis', '30/01/1980', 181, 71, 'Escolta', 'Primera ronda', 'https://robohash.org/istedolorfugit.png?size=250x250&set=set1', 'Puqian', 'Khulna University', 20.0237, 110.58, 26),
(287, 'Brellin', 'Myrilla Brellin', '22/02/1989', 218, 91, 'Base', 'Segunda ronda', 'https://robohash.org/quiquodfugiat.png?size=250x250&set=set1', 'Filabusi', 'Thames Valley University', -20.536, 29.2815, 12),
(288, 'Littlefield', 'Errol Littlefield', '06/03/1988', 205, 113, 'Base', 'Segunda ronda', 'https://robohash.org/autemdoloremaut.png?size=250x250&set=set1', 'Liucheng', 'Rostov State Medical University', 24.6515, 109.245, 3),
(289, 'Grisewood', 'Gran Grisewood', '23/11/1989', 162, 93, 'Alero', 'Primera ronda', 'https://robohash.org/exiuremolestias.png?size=250x250&set=set1', 'White River', 'Universidad Privada Antenor Orrego', -25.3306, 31.0161, 4),
(290, 'Blinckhorne', 'Neila Blinckhorne', '06/08/1986', 204, 69, 'Alero', 'Primera ronda', 'https://robohash.org/sitquaeillum.png?size=250x250&set=set1', 'Amieiro', 'University of La Verne', 41.2798, -7.39548, 3),
(291, 'Tussaine', 'Franklyn Tussaine', '02/09/1990', 183, 80, 'Escolta', 'Segunda ronda', 'https://robohash.org/auteiusrepellendus.png?size=250x250&set=set1', 'Peliyagoda', 'Tamagawa University', 6.9647, 79.8817, 18),
(292, 'Cocks', 'Witty Cocks', '08/02/1984', 197, 95, 'Escolta', 'Segunda ronda', 'https://robohash.org/odioplaceatconsectetur.png?size=250x250&set=set1', 'Spassk', 'Seoul Women\'s University', 44.5748, 133.28, 8),
(293, 'Coultas', 'Belva Coultas', '25/12/1975', 176, 83, 'Base', 'Segunda ronda', 'https://robohash.org/velitetmodi.png?size=250x250&set=set1', 'Ronggui', 'Shanghai University of Science and Technology', 23.0873, 113.295, 8),
(294, 'Apedaile', 'Lucky Apedaile', '11/08/1999', 174, 93, 'Base', 'Segunda ronda', 'https://robohash.org/aliasconsequatursit.png?size=250x250&set=set1', 'Lucas', 'Eastern College', -20.2198, -40.2722, 8),
(295, 'Sommerly', 'Wilone Sommerly', '25/07/1975', 218, 82, 'Base', 'Segunda ronda', 'https://robohash.org/easequiex.png?size=250x250&set=set1', 'Ciampea', 'Midway College', -6.57528, 106.694, 14),
(296, 'Beckford', 'Blake Beckford', '02/05/1977', 166, 118, 'Pívot', 'Primera ronda', 'https://robohash.org/odiovoluptatemsint.png?size=250x250&set=set1', 'Yingchuan', 'National University of Laos', 38.4872, 106.231, 6),
(297, 'Huie', 'Gaspard Huie', '25/09/1977', 206, 87, 'Ala-pívot', 'Segunda ronda', 'https://robohash.org/fugiatutmagnam.png?size=250x250&set=set1', 'Kototujuh', 'Universiti Tun Hussein Onn Malaysia', -0.600009, 100.856, 27),
(298, 'Beadnell', 'Dari Beadnell', '24/01/1983', 225, 104, 'Ala-pívot', 'Segunda ronda', 'https://robohash.org/autemliberodoloremque.png?size=250x250&set=set1', 'Jinchuan', 'Malekan Payame Nour University', 38.5211, 102.194, 13),
(299, 'Khristyukhin', 'Gregorius Khristyukhin', '02/02/1981', 208, 89, 'Ala-pívot', 'Primera ronda', 'https://robohash.org/sequisednihil.png?size=250x250&set=set1', 'Jhingergācha', 'Novosibirsk State Agricultural University', 23.1113, 89.0906, 24),
(300, 'Touret', 'Evelina Touret', '13/06/1986', 173, 63, 'Escolta', 'Segunda ronda', 'https://robohash.org/inciduntlaudantiummaiores.png?size=250x250&set=set1', 'Leme', 'Eötvös Lorand University', -22.2091, -47.3951, 26);

-- --------------------------------------------------------

--
-- Estructura de tabla para la tabla `paises`
--

DROP TABLE IF EXISTS `paises`;
CREATE TABLE IF NOT EXISTS `paises` (
  `id_pais` int(11) NOT NULL AUTO_INCREMENT,
  `iso` char(2) COLLATE utf8_bin NOT NULL,
  `nombre` varchar(80) COLLATE utf8_bin NOT NULL,
  `nombrebonito` varchar(80) COLLATE utf8_bin NOT NULL,
  `iso3` char(3) COLLATE utf8_bin DEFAULT NULL,
  `numcode` smallint(6) DEFAULT NULL,
  `codigotelefonico` int(5) NOT NULL,
  PRIMARY KEY (`id_pais`)
) ENGINE=InnoDB AUTO_INCREMENT=240 DEFAULT CHARSET=utf8 COLLATE=utf8_bin;

--
-- Volcado de datos para la tabla `paises`
--

INSERT INTO `paises` (`id_pais`, `iso`, `nombre`, `nombrebonito`, `iso3`, `numcode`, `codigotelefonico`) VALUES
(1, 'AF', 'AFGHANISTAN', 'Afghanistan', 'AFG', 4, 93),
(2, 'AL', 'ALBANIA', 'Albania', 'ALB', 8, 355),
(3, 'DZ', 'ALGERIA', 'Algeria', 'DZA', 12, 213),
(4, 'AS', 'AMERICAN SAMOA', 'American Samoa', 'ASM', 16, 1684),
(5, 'AD', 'ANDORRA', 'Andorra', 'AND', 20, 376),
(6, 'AO', 'ANGOLA', 'Angola', 'AGO', 24, 244),
(7, 'AI', 'ANGUILLA', 'Anguilla', 'AIA', 660, 1264),
(8, 'AQ', 'ANTARCTICA', 'Antarctica', NULL, NULL, 0),
(9, 'AG', 'ANTIGUA AND BARBUDA', 'Antigua and Barbuda', 'ATG', 28, 1268),
(10, 'AR', 'ARGENTINA', 'Argentina', 'ARG', 32, 54),
(11, 'AM', 'ARMENIA', 'Armenia', 'ARM', 51, 374),
(12, 'AW', 'ARUBA', 'Aruba', 'ABW', 533, 297),
(13, 'AU', 'AUSTRALIA', 'Australia', 'AUS', 36, 61),
(14, 'AT', 'AUSTRIA', 'Austria', 'AUT', 40, 43),
(15, 'AZ', 'AZERBAIJAN', 'Azerbaijan', 'AZE', 31, 994),
(16, 'BS', 'BAHAMAS', 'Bahamas', 'BHS', 44, 1242),
(17, 'BH', 'BAHRAIN', 'Bahrain', 'BHR', 48, 973),
(18, 'BD', 'BANGLADESH', 'Bangladesh', 'BGD', 50, 880),
(19, 'BB', 'BARBADOS', 'Barbados', 'BRB', 52, 1246),
(20, 'BY', 'BELARUS', 'Belarus', 'BLR', 112, 375),
(21, 'BE', 'BELGIUM', 'Belgium', 'BEL', 56, 32),
(22, 'BZ', 'BELIZE', 'Belize', 'BLZ', 84, 501),
(23, 'BJ', 'BENIN', 'Benin', 'BEN', 204, 229),
(24, 'BM', 'BERMUDA', 'Bermuda', 'BMU', 60, 1441),
(25, 'BT', 'BHUTAN', 'Bhutan', 'BTN', 64, 975),
(26, 'BO', 'BOLIVIA', 'Bolivia', 'BOL', 68, 591),
(27, 'BA', 'BOSNIA AND HERZEGOVINA', 'Bosnia and Herzegovina', 'BIH', 70, 387),
(28, 'BW', 'BOTSWANA', 'Botswana', 'BWA', 72, 267),
(29, 'BV', 'BOUVET ISLAND', 'Bouvet Island', NULL, NULL, 0),
(30, 'BR', 'BRAZIL', 'Brazil', 'BRA', 76, 55),
(31, 'IO', 'BRITISH INDIAN OCEAN TERRITORY', 'British Indian Ocean Territory', NULL, NULL, 246),
(32, 'BN', 'BRUNEI DARUSSALAM', 'Brunei Darussalam', 'BRN', 96, 673),
(33, 'BG', 'BULGARIA', 'Bulgaria', 'BGR', 100, 359),
(34, 'BF', 'BURKINA FASO', 'Burkina Faso', 'BFA', 854, 226),
(35, 'BI', 'BURUNDI', 'Burundi', 'BDI', 108, 257),
(36, 'KH', 'CAMBODIA', 'Cambodia', 'KHM', 116, 855),
(37, 'CM', 'CAMEROON', 'Cameroon', 'CMR', 120, 237),
(38, 'CA', 'CANADA', 'Canada', 'CAN', 124, 1),
(39, 'CV', 'CAPE VERDE', 'Cape Verde', 'CPV', 132, 238),
(40, 'KY', 'CAYMAN ISLANDS', 'Cayman Islands', 'CYM', 136, 1345),
(41, 'CF', 'CENTRAL AFRICAN REPUBLIC', 'Central African Republic', 'CAF', 140, 236),
(42, 'TD', 'CHAD', 'Chad', 'TCD', 148, 235),
(43, 'CL', 'CHILE', 'Chile', 'CHL', 152, 56),
(44, 'CN', 'CHINA', 'China', 'CHN', 156, 86),
(45, 'CX', 'CHRISTMAS ISLAND', 'Christmas Island', NULL, NULL, 61),
(46, 'CC', 'COCOS (KEELING) ISLANDS', 'Cocos (Keeling) Islands', NULL, NULL, 672),
(47, 'CO', 'COLOMBIA', 'Colombia', 'COL', 170, 57),
(48, 'KM', 'COMOROS', 'Comoros', 'COM', 174, 269),
(49, 'CG', 'CONGO', 'Congo', 'COG', 178, 242),
(50, 'CD', 'CONGO, THE DEMOCRATIC REPUBLIC OF THE', 'Congo, the Democratic Republic of the', 'COD', 180, 242),
(51, 'CK', 'COOK ISLANDS', 'Cook Islands', 'COK', 184, 682),
(52, 'CR', 'COSTA RICA', 'Costa Rica', 'CRI', 188, 506),
(53, 'CI', 'COTE D\'IVOIRE', 'Cote D\'Ivoire', 'CIV', 384, 225),
(54, 'HR', 'CROATIA', 'Croatia', 'HRV', 191, 385),
(55, 'CU', 'CUBA', 'Cuba', 'CUB', 192, 53),
(56, 'CY', 'CYPRUS', 'Cyprus', 'CYP', 196, 357),
(57, 'CZ', 'CZECH REPUBLIC', 'Czech Republic', 'CZE', 203, 420),
(58, 'DK', 'DENMARK', 'Denmark', 'DNK', 208, 45),
(59, 'DJ', 'DJIBOUTI', 'Djibouti', 'DJI', 262, 253),
(60, 'DM', 'DOMINICA', 'Dominica', 'DMA', 212, 1767),
(61, 'DO', 'DOMINICAN REPUBLIC', 'Dominican Republic', 'DOM', 214, 1809),
(62, 'EC', 'ECUADOR', 'Ecuador', 'ECU', 218, 593),
(63, 'EG', 'EGYPT', 'Egypt', 'EGY', 818, 20),
(64, 'SV', 'EL SALVADOR', 'El Salvador', 'SLV', 222, 503),
(65, 'GQ', 'EQUATORIAL GUINEA', 'Equatorial Guinea', 'GNQ', 226, 240),
(66, 'ER', 'ERITREA', 'Eritrea', 'ERI', 232, 291),
(67, 'EE', 'ESTONIA', 'Estonia', 'EST', 233, 372),
(68, 'ET', 'ETHIOPIA', 'Ethiopia', 'ETH', 231, 251),
(69, 'FK', 'FALKLAND ISLANDS (MALVINAS)', 'Falkland Islands (Malvinas)', 'FLK', 238, 500),
(70, 'FO', 'FAROE ISLANDS', 'Faroe Islands', 'FRO', 234, 298),
(71, 'FJ', 'FIJI', 'Fiji', 'FJI', 242, 679),
(72, 'FI', 'FINLAND', 'Finland', 'FIN', 246, 358),
(73, 'FR', 'FRANCE', 'France', 'FRA', 250, 33),
(74, 'GF', 'FRENCH GUIANA', 'French Guiana', 'GUF', 254, 594),
(75, 'PF', 'FRENCH POLYNESIA', 'French Polynesia', 'PYF', 258, 689),
(76, 'TF', 'FRENCH SOUTHERN TERRITORIES', 'French Southern Territories', NULL, NULL, 0),
(77, 'GA', 'GABON', 'Gabon', 'GAB', 266, 241),
(78, 'GM', 'GAMBIA', 'Gambia', 'GMB', 270, 220),
(79, 'GE', 'GEORGIA', 'Georgia', 'GEO', 268, 995),
(80, 'DE', 'GERMANY', 'Germany', 'DEU', 276, 49),
(81, 'GH', 'GHANA', 'Ghana', 'GHA', 288, 233),
(82, 'GI', 'GIBRALTAR', 'Gibraltar', 'GIB', 292, 350),
(83, 'GR', 'GREECE', 'Greece', 'GRC', 300, 30),
(84, 'GL', 'GREENLAND', 'Greenland', 'GRL', 304, 299),
(85, 'GD', 'GRENADA', 'Grenada', 'GRD', 308, 1473),
(86, 'GP', 'GUADELOUPE', 'Guadeloupe', 'GLP', 312, 590),
(87, 'GU', 'GUAM', 'Guam', 'GUM', 316, 1671),
(88, 'GT', 'GUATEMALA', 'Guatemala', 'GTM', 320, 502),
(89, 'GN', 'GUINEA', 'Guinea', 'GIN', 324, 224),
(90, 'GW', 'GUINEA-BISSAU', 'Guinea-Bissau', 'GNB', 624, 245),
(91, 'GY', 'GUYANA', 'Guyana', 'GUY', 328, 592),
(92, 'HT', 'HAITI', 'Haiti', 'HTI', 332, 509),
(93, 'HM', 'HEARD ISLAND AND MCDONALD ISLANDS', 'Heard Island and Mcdonald Islands', NULL, NULL, 0),
(94, 'VA', 'HOLY SEE (VATICAN CITY STATE)', 'Holy See (Vatican City State)', 'VAT', 336, 39),
(95, 'HN', 'HONDURAS', 'Honduras', 'HND', 340, 504),
(96, 'HK', 'HONG KONG', 'Hong Kong', 'HKG', 344, 852),
(97, 'HU', 'HUNGARY', 'Hungary', 'HUN', 348, 36),
(98, 'IS', 'ICELAND', 'Iceland', 'ISL', 352, 354),
(99, 'IN', 'INDIA', 'India', 'IND', 356, 91),
(100, 'ID', 'INDONESIA', 'Indonesia', 'IDN', 360, 62),
(101, 'IR', 'IRAN, ISLAMIC REPUBLIC OF', 'Iran, Islamic Republic of', 'IRN', 364, 98),
(102, 'IQ', 'IRAQ', 'Iraq', 'IRQ', 368, 964),
(103, 'IE', 'IRELAND', 'Ireland', 'IRL', 372, 353),
(104, 'IL', 'ISRAEL', 'Israel', 'ISR', 376, 972),
(105, 'IT', 'ITALY', 'Italy', 'ITA', 380, 39),
(106, 'JM', 'JAMAICA', 'Jamaica', 'JAM', 388, 1876),
(107, 'JP', 'JAPAN', 'Japan', 'JPN', 392, 81),
(108, 'JO', 'JORDAN', 'Jordan', 'JOR', 400, 962),
(109, 'KZ', 'KAZAKHSTAN', 'Kazakhstan', 'KAZ', 398, 7),
(110, 'KE', 'KENYA', 'Kenya', 'KEN', 404, 254),
(111, 'KI', 'KIRIBATI', 'Kiribati', 'KIR', 296, 686),
(112, 'KP', 'KOREA, DEMOCRATIC PEOPLE\'S REPUBLIC OF', 'Korea, Democratic People\'s Republic of', 'PRK', 408, 850),
(113, 'KR', 'KOREA, REPUBLIC OF', 'Korea, Republic of', 'KOR', 410, 82),
(114, 'KW', 'KUWAIT', 'Kuwait', 'KWT', 414, 965),
(115, 'KG', 'KYRGYZSTAN', 'Kyrgyzstan', 'KGZ', 417, 996),
(116, 'LA', 'LAO PEOPLE\'S DEMOCRATIC REPUBLIC', 'Lao People\'s Democratic Republic', 'LAO', 418, 856),
(117, 'LV', 'LATVIA', 'Latvia', 'LVA', 428, 371),
(118, 'LB', 'LEBANON', 'Lebanon', 'LBN', 422, 961),
(119, 'LS', 'LESOTHO', 'Lesotho', 'LSO', 426, 266),
(120, 'LR', 'LIBERIA', 'Liberia', 'LBR', 430, 231),
(121, 'LY', 'LIBYAN ARAB JAMAHIRIYA', 'Libyan Arab Jamahiriya', 'LBY', 434, 218),
(122, 'LI', 'LIECHTENSTEIN', 'Liechtenstein', 'LIE', 438, 423),
(123, 'LT', 'LITHUANIA', 'Lithuania', 'LTU', 440, 370),
(124, 'LU', 'LUXEMBOURG', 'Luxembourg', 'LUX', 442, 352),
(125, 'MO', 'MACAO', 'Macao', 'MAC', 446, 853),
(126, 'MK', 'MACEDONIA, THE FORMER YUGOSLAV REPUBLIC OF', 'Macedonia, the Former Yugoslav Republic of', 'MKD', 807, 389),
(127, 'MG', 'MADAGASCAR', 'Madagascar', 'MDG', 450, 261),
(128, 'MW', 'MALAWI', 'Malawi', 'MWI', 454, 265),
(129, 'MY', 'MALAYSIA', 'Malaysia', 'MYS', 458, 60),
(130, 'MV', 'MALDIVES', 'Maldives', 'MDV', 462, 960),
(131, 'ML', 'MALI', 'Mali', 'MLI', 466, 223),
(132, 'MT', 'MALTA', 'Malta', 'MLT', 470, 356),
(133, 'MH', 'MARSHALL ISLANDS', 'Marshall Islands', 'MHL', 584, 692),
(134, 'MQ', 'MARTINIQUE', 'Martinique', 'MTQ', 474, 596),
(135, 'MR', 'MAURITANIA', 'Mauritania', 'MRT', 478, 222),
(136, 'MU', 'MAURITIUS', 'Mauritius', 'MUS', 480, 230),
(137, 'YT', 'MAYOTTE', 'Mayotte', NULL, NULL, 269),
(138, 'MX', 'MEXICO', 'Mexico', 'MEX', 484, 52),
(139, 'FM', 'MICRONESIA, FEDERATED STATES OF', 'Micronesia, Federated States of', 'FSM', 583, 691),
(140, 'MD', 'MOLDOVA, REPUBLIC OF', 'Moldova, Republic of', 'MDA', 498, 373),
(141, 'MC', 'MONACO', 'Monaco', 'MCO', 492, 377),
(142, 'MN', 'MONGOLIA', 'Mongolia', 'MNG', 496, 976),
(143, 'MS', 'MONTSERRAT', 'Montserrat', 'MSR', 500, 1664),
(144, 'MA', 'MOROCCO', 'Morocco', 'MAR', 504, 212),
(145, 'MZ', 'MOZAMBIQUE', 'Mozambique', 'MOZ', 508, 258),
(146, 'MM', 'MYANMAR', 'Myanmar', 'MMR', 104, 95),
(147, 'NA', 'NAMIBIA', 'Namibia', 'NAM', 516, 264),
(148, 'NR', 'NAURU', 'Nauru', 'NRU', 520, 674),
(149, 'NP', 'NEPAL', 'Nepal', 'NPL', 524, 977),
(150, 'NL', 'NETHERLANDS', 'Netherlands', 'NLD', 528, 31),
(151, 'AN', 'NETHERLANDS ANTILLES', 'Netherlands Antilles', 'ANT', 530, 599),
(152, 'NC', 'NEW CALEDONIA', 'New Caledonia', 'NCL', 540, 687),
(153, 'NZ', 'NEW ZEALAND', 'New Zealand', 'NZL', 554, 64),
(154, 'NI', 'NICARAGUA', 'Nicaragua', 'NIC', 558, 505),
(155, 'NE', 'NIGER', 'Niger', 'NER', 562, 227),
(156, 'NG', 'NIGERIA', 'Nigeria', 'NGA', 566, 234),
(157, 'NU', 'NIUE', 'Niue', 'NIU', 570, 683),
(158, 'NF', 'NORFOLK ISLAND', 'Norfolk Island', 'NFK', 574, 672),
(159, 'MP', 'NORTHERN MARIANA ISLANDS', 'Northern Mariana Islands', 'MNP', 580, 1670),
(160, 'NO', 'NORWAY', 'Norway', 'NOR', 578, 47),
(161, 'OM', 'OMAN', 'Oman', 'OMN', 512, 968),
(162, 'PK', 'PAKISTAN', 'Pakistan', 'PAK', 586, 92),
(163, 'PW', 'PALAU', 'Palau', 'PLW', 585, 680),
(164, 'PS', 'PALESTINIAN TERRITORY, OCCUPIED', 'Palestinian Territory, Occupied', NULL, NULL, 970),
(165, 'PA', 'PANAMA', 'Panama', 'PAN', 591, 507),
(166, 'PG', 'PAPUA NEW GUINEA', 'Papua New Guinea', 'PNG', 598, 675),
(167, 'PY', 'PARAGUAY', 'Paraguay', 'PRY', 600, 595),
(168, 'PE', 'PERU', 'Peru', 'PER', 604, 51),
(169, 'PH', 'PHILIPPINES', 'Philippines', 'PHL', 608, 63),
(170, 'PN', 'PITCAIRN', 'Pitcairn', 'PCN', 612, 0),
(171, 'PL', 'POLAND', 'Poland', 'POL', 616, 48),
(172, 'PT', 'PORTUGAL', 'Portugal', 'PRT', 620, 351),
(173, 'PR', 'PUERTO RICO', 'Puerto Rico', 'PRI', 630, 1787),
(174, 'QA', 'QATAR', 'Qatar', 'QAT', 634, 974),
(175, 'RE', 'REUNION', 'Reunion', 'REU', 638, 262),
(176, 'RO', 'ROMANIA', 'Romania', 'ROM', 642, 40),
(177, 'RU', 'RUSSIAN FEDERATION', 'Russian Federation', 'RUS', 643, 70),
(178, 'RW', 'RWANDA', 'Rwanda', 'RWA', 646, 250),
(179, 'SH', 'SAINT HELENA', 'Saint Helena', 'SHN', 654, 290),
(180, 'KN', 'SAINT KITTS AND NEVIS', 'Saint Kitts and Nevis', 'KNA', 659, 1869),
(181, 'LC', 'SAINT LUCIA', 'Saint Lucia', 'LCA', 662, 1758),
(182, 'PM', 'SAINT PIERRE AND MIQUELON', 'Saint Pierre and Miquelon', 'SPM', 666, 508),
(183, 'VC', 'SAINT VINCENT AND THE GRENADINES', 'Saint Vincent and the Grenadines', 'VCT', 670, 1784),
(184, 'WS', 'SAMOA', 'Samoa', 'WSM', 882, 684),
(185, 'SM', 'SAN MARINO', 'San Marino', 'SMR', 674, 378),
(186, 'ST', 'SAO TOME AND PRINCIPE', 'Sao Tome and Principe', 'STP', 678, 239),
(187, 'SA', 'SAUDI ARABIA', 'Saudi Arabia', 'SAU', 682, 966),
(188, 'SN', 'SENEGAL', 'Senegal', 'SEN', 686, 221),
(189, 'CS', 'SERBIA AND MONTENEGRO', 'Serbia and Montenegro', NULL, NULL, 381),
(190, 'SC', 'SEYCHELLES', 'Seychelles', 'SYC', 690, 248),
(191, 'SL', 'SIERRA LEONE', 'Sierra Leone', 'SLE', 694, 232),
(192, 'SG', 'SINGAPORE', 'Singapore', 'SGP', 702, 65),
(193, 'SK', 'SLOVAKIA', 'Slovakia', 'SVK', 703, 421),
(194, 'SI', 'SLOVENIA', 'Slovenia', 'SVN', 705, 386),
(195, 'SB', 'SOLOMON ISLANDS', 'Solomon Islands', 'SLB', 90, 677),
(196, 'SO', 'SOMALIA', 'Somalia', 'SOM', 706, 252),
(197, 'ZA', 'SOUTH AFRICA', 'South Africa', 'ZAF', 710, 27),
(198, 'GS', 'SOUTH GEORGIA AND THE SOUTH SANDWICH ISLANDS', 'South Georgia and the South Sandwich Islands', NULL, NULL, 0),
(199, 'ES', 'SPAIN', 'Spain', 'ESP', 724, 34),
(200, 'LK', 'SRI LANKA', 'Sri Lanka', 'LKA', 144, 94),
(201, 'SD', 'SUDAN', 'Sudan', 'SDN', 736, 249),
(202, 'SR', 'SURINAME', 'Suriname', 'SUR', 740, 597),
(203, 'SJ', 'SVALBARD AND JAN MAYEN', 'Svalbard and Jan Mayen', 'SJM', 744, 47),
(204, 'SZ', 'SWAZILAND', 'Swaziland', 'SWZ', 748, 268),
(205, 'SE', 'SWEDEN', 'Sweden', 'SWE', 752, 46),
(206, 'CH', 'SWITZERLAND', 'Switzerland', 'CHE', 756, 41),
(207, 'SY', 'SYRIAN ARAB REPUBLIC', 'Syrian Arab Republic', 'SYR', 760, 963),
(208, 'TW', 'TAIWAN, PROVINCE OF CHINA', 'Taiwan, Province of China', 'TWN', 158, 886),
(209, 'TJ', 'TAJIKISTAN', 'Tajikistan', 'TJK', 762, 992),
(210, 'TZ', 'TANZANIA, UNITED REPUBLIC OF', 'Tanzania, United Republic of', 'TZA', 834, 255),
(211, 'TH', 'THAILAND', 'Thailand', 'THA', 764, 66),
(212, 'TL', 'TIMOR-LESTE', 'Timor-Leste', NULL, NULL, 670),
(213, 'TG', 'TOGO', 'Togo', 'TGO', 768, 228),
(214, 'TK', 'TOKELAU', 'Tokelau', 'TKL', 772, 690),
(215, 'TO', 'TONGA', 'Tonga', 'TON', 776, 676),
(216, 'TT', 'TRINIDAD AND TOBAGO', 'Trinidad and Tobago', 'TTO', 780, 1868),
(217, 'TN', 'TUNISIA', 'Tunisia', 'TUN', 788, 216),
(218, 'TR', 'TURKEY', 'Turkey', 'TUR', 792, 90),
(219, 'TM', 'TURKMENISTAN', 'Turkmenistan', 'TKM', 795, 7370),
(220, 'TC', 'TURKS AND CAICOS ISLANDS', 'Turks and Caicos Islands', 'TCA', 796, 1649),
(221, 'TV', 'TUVALU', 'Tuvalu', 'TUV', 798, 688),
(222, 'UG', 'UGANDA', 'Uganda', 'UGA', 800, 256),
(223, 'UA', 'UKRAINE', 'Ukraine', 'UKR', 804, 380),
(224, 'AE', 'UNITED ARAB EMIRATES', 'United Arab Emirates', 'ARE', 784, 971),
(225, 'GB', 'UNITED KINGDOM', 'United Kingdom', 'GBR', 826, 44),
(226, 'US', 'UNITED STATES', 'United States', 'USA', 840, 1),
(227, 'UM', 'UNITED STATES MINOR OUTLYING ISLANDS', 'United States Minor Outlying Islands', NULL, NULL, 1),
(228, 'UY', 'URUGUAY', 'Uruguay', 'URY', 858, 598),
(229, 'UZ', 'UZBEKISTAN', 'Uzbekistan', 'UZB', 860, 998),
(230, 'VU', 'VANUATU', 'Vanuatu', 'VUT', 548, 678),
(231, 'VE', 'VENEZUELA', 'Venezuela', 'VEN', 862, 58),
(232, 'VN', 'VIET NAM', 'Viet Nam', 'VNM', 704, 84),
(233, 'VG', 'VIRGIN ISLANDS, BRITISH', 'Virgin Islands, British', 'VGB', 92, 1284),
(234, 'VI', 'VIRGIN ISLANDS, U.S.', 'Virgin Islands, U.s.', 'VIR', 850, 1340),
(235, 'WF', 'WALLIS AND FUTUNA', 'Wallis and Futuna', 'WLF', 876, 681),
(236, 'EH', 'WESTERN SAHARA', 'Western Sahara', 'ESH', 732, 212),
(237, 'YE', 'YEMEN', 'Yemen', 'YEM', 887, 967),
(238, 'ZM', 'ZAMBIA', 'Zambia', 'ZMB', 894, 260),
(239, 'ZW', 'ZIMBABWE', 'Zimbabwe', 'ZWE', 716, 263);

-- --------------------------------------------------------

--
-- Estructura de tabla para la tabla `usuarios`
--

DROP TABLE IF EXISTS `usuarios`;
CREATE TABLE IF NOT EXISTS `usuarios` (
  `usuario` varchar(50) COLLATE utf8_bin NOT NULL,
  `contrasena` varchar(100) COLLATE utf8_bin NOT NULL,
  `email` varchar(255) COLLATE utf8_bin NOT NULL,
  `administrador` tinyint(1) NOT NULL,
  `nombre_completo` varchar(255) COLLATE utf8_bin DEFAULT NULL,
  `fecha_nacimiento` varchar(15) COLLATE utf8_bin NOT NULL,
  `pais_origen` varchar(100) COLLATE utf8_bin DEFAULT NULL,
  `id_franquicia` int(2) DEFAULT NULL,
  `id_pais` int(11) DEFAULT NULL,
  PRIMARY KEY (`usuario`),
  KEY `id_franquicia` (`id_franquicia`),
  KEY `id_pais` (`id_pais`)
) ENGINE=InnoDB DEFAULT CHARSET=utf8 COLLATE=utf8_bin;

--
-- Volcado de datos para la tabla `usuarios`
--

INSERT INTO `usuarios` (`usuario`, `contrasena`, `email`, `administrador`, `nombre_completo`, `fecha_nacimiento`, `pais_origen`, `id_franquicia`, `id_pais`) VALUES
('acarnihanj', 'VJvfcFSg', 'acarnihanj@wix.com', 0, 'Ange Carnihan', '25/10/1982', 'New Zealand', 15, NULL),
('administrador', 'administrador', 'administrador@admin.com', 1, 'Administrador Admin', '17/08/1996', 'Spain', 1, NULL),
('amcenteggart1d', 'xe2qSkZc', 'amcenteggart1d@quantcast.com', 0, 'Astra McEnteggart', '17/09/1943', 'Brazil', 14, NULL),
('antonio', 'antonio', 'antonio@antonio.antonio', 0, 'Antonio', '23-02-2018', 'Albania', NULL, NULL),
('apresdie1c', 'DybkxJ', 'apresdie1c@networkadvertising.org', 0, 'Austine Presdie', '04/07/1927', 'Sweden', 11, NULL),
('asheridany', 'AFkiqSUSw', 'asheridany@amazon.de', 0, 'Abagail Sheridan', '18/05/1956', 'China', 13, NULL),
('bberrisfords', 'RdwH36xy7p', 'bberrisfords@vkontakte.ru', 0, 'Bill Berrisford', '28/12/1936', 'China', 12, NULL),
('cbonifazio1b', '25U4zU', 'cbonifazio1b@ustream.tv', 0, 'Corinne Bonifazio', '24/11/1997', 'China', 26, NULL),
('ccusackd', 'ntH0QClipfLn', 'ccusackd@vimeo.com', 0, 'Chadd Cusack', '08/12/1928', 'Argentina', 19, NULL),
('cfinlaysona', '1T196g1Iey', 'cfinlaysona@icq.com', 0, 'Corilla Finlayson', '01/05/1961', 'Greece', 14, NULL),
('crabier16', 'bmptPkO', 'crabier16@dropbox.com', 0, 'Charlena Rabier', '26/07/1968', 'United States', 8, NULL),
('ddaltreyr', 'U0Zrn86', 'ddaltreyr@technorati.com', 0, 'Dorothy Daltrey', '01/03/1959', 'United Kingdom', 25, NULL),
('dgosnoll4', 'B3J8RZE', 'dgosnoll4@fotki.com', 0, 'Deeann Gosnoll', '24/02/1960', 'Thailand', 27, NULL),
('dkillby13', 'c4OFCsipRQ', 'dkillby13@cbsnews.com', 0, 'Danice Killby', '11/05/1993', 'China', 1, NULL),
('eturrell5', 'HPHdN4', 'eturrell5@illinois.edu', 0, 'Ella Turrell', '10/01/1988', 'Japan', 18, NULL),
('fslinel', 'FtEYWfIg', 'fslinel@dot.gov', 0, 'Fionnula Sline', '26/06/1987', 'France', 3, NULL),
('gbeers19', '1SKJE7', 'gbeers19@cisco.com', 0, 'Germaine Beers', '09/09/1984', 'Ukraine', 8, NULL),
('gdigby3', 'uQAGNi', 'gdigby3@walmart.com', 0, 'Gillie Digby', '13/07/1996', 'China', 21, NULL),
('gkaroly0', 's7S2JEvvGlW', 'gkaroly0@nps.gov', 0, 'Grissel Karoly', '06/12/1938', 'Czech Republic', 8, NULL),
('gwhopples1', 'Nqmpca', 'gwhopples1@cyberchimps.com', 0, 'Gifford Whopples', '22/05/1987', 'Vietnam', 18, NULL),
('gyerbyz', 'bnzTPCL4gw', 'gyerbyz@mlb.com', 0, 'Gwennie Yerby', '14/03/1912', 'Mongolia', 19, NULL),
('hcartant', 'UZLi5D0N', 'hcartant@freewebs.com', 0, 'Hakim Cartan', '24/09/1980', 'Afghanistan', NULL, NULL),
('hstoppardn', 'YGf6xa1', 'hstoppardn@rediff.com', 0, 'Harvey Stoppard', '02/03/1916', 'China', 26, NULL),
('ivanh', 'HEXoaXbZ5WS', 'ivanh@webeden.co.uk', 0, 'Inesita Van Eeden', '08/10/1989', 'Laos', 10, NULL),
('jblankmane', 'Dj5Do9K', 'jblankmane@tripadvisor.com', 0, 'Jdavie Blankman', '23/05/1937', 'Russia', 16, NULL),
('jregorzp', 'w8aixNsWyc', 'jregorzp@bbc.co.uk', 0, 'Jefferson Regorz', '04/03/1985', 'Lithuania', 24, NULL),
('kridout18', 'YN0OK7NQP80I', 'kridout18@opensource.org', 0, 'Kara-lynn Ridout', '09/05/1917', 'Brazil', 16, NULL),
('kwraighteb', 'zPnasWACM7', 'kwraighteb@auda.org.au', 0, 'Kiley Wraighte', '10/01/1951', 'Panama', 26, NULL),
('lbrimmingg', '3TTCpamVcBG3', 'lbrimmingg@adobe.com', 0, 'Lief Brimming', '17/06/1921', 'Russia', 19, NULL),
('lmattheusv', 'mCZKHIxeU', 'lmattheusv@ox.ac.uk', 0, 'Lionello Mattheus', '08/01/1995', 'Indonesia', 12, NULL),
('lrouselq', '3un83ikqhpGU', 'lrouselq@cafepress.com', 0, 'Linea Rousel', '01/08/1967', 'Croatia', 19, NULL),
('lspores15', 'hCt8JiA7', 'lspores15@foxnews.com', 0, 'Lindsay Spores', '06/05/1991', 'Philippines', 3, NULL),
('mcavolinic', 'xpdHrvV', 'mcavolinic@stumbleupon.com', 0, 'Mignon Cavolini', '01/11/1955', 'Philippines', 9, NULL),
('mkarolovskyo', 'Othgp75u', 'mkarolovskyo@weather.com', 0, 'Moritz Karolovsky', '03/08/1964', 'Russia', 11, NULL),
('mmowat17', 'B1QHwG43xDw', 'mmowat17@blogger.com', 0, 'Mendel Mowat', '10/04/2001', 'Russia', 7, NULL),
('mneathwayu', 'qA9OtyWc', 'mneathwayu@webeden.co.uk', 0, 'Milt Neathway', '30/11/1915', 'Sweden', 29, NULL),
('mrubinshtein11', 'SDDNTYOG', 'mrubinshtein11@clickbank.net', 0, 'Mikaela Rubinshtein', '27/11/1981', 'Czech Republic', 23, NULL),
('ocaulfield2', '7W5W8B', 'ocaulfield2@europa.eu', 0, 'Obadias Caulfield', '05/07/1965', 'Philippines', 2, NULL),
('pgallardm', '9NbG6oEoWUa', 'pgallardm@ameblo.jp', 0, 'Parnell Gallard', '15/06/1992', 'Comoros', 27, NULL),
('qritson6', '6s1mKwET1', 'qritson6@mail.ru', 0, 'Quincey Ritson', '17/03/1922', 'Indonesia', 25, NULL),
('rboldisonw', '2iXanv0lD3Bx', 'rboldisonw@ft.com', 0, 'Rozelle Boldison', '09/12/1942', 'Canada', 22, NULL),
('rexrol8', 'RSoKvX', 'rexrol8@sun.com', 0, 'Robbie Exrol', '28/12/1992', 'China', 21, NULL),
('rfarnellx', '0mc97o', 'rfarnellx@wikia.com', 0, 'Rikki Farnell', '06/08/1943', 'China', 20, NULL),
('rtyers10', 'ZM53vdcourT9', 'rtyers10@harvard.edu', 0, 'Rinaldo Tyers', '27/01/1969', 'Honduras', 1, NULL),
('ruvedale12', 'MRLMEw2', 'ruvedale12@seattletimes.com', 0, 'Robin Uvedale', '02/06/1936', 'Indonesia', 25, NULL),
('scage1a', '1FZxKpdi', 'scage1a@ycombinator.com', 0, 'Sondra Cage', '28/03/1965', 'Italy', 2, NULL),
('sgiddinsi', 'Rwd4ECzwOk6r', 'sgiddinsi@businessinsider.com', 0, 'Sheeree Giddins', '14/06/1953', 'Mauritius', 19, NULL),
('snapoleone9', 'AKwkxxdBz', 'snapoleone9@netlog.com', 0, 'Sioux Napoleone', '25/12/1971', 'Philippines', 1, NULL),
('tblanckleyf', 'cCIHhrcVBEFs', 'tblanckleyf@noaa.gov', 0, 'Trixi Blanckley', '16/01/1936', 'China', 17, NULL),
('ureditt7', 'M2XWwL0P', 'ureditt7@hc360.com', 0, 'Uta Reditt', '02/08/1966', 'Vietnam', 14, NULL),
('vgulston14', 'nkVfj45', 'vgulston14@wsj.com', 0, 'Vasily Gulston', '11/11/1978', 'United States', 21, NULL),
('wanolo', 'fakefake', 'wanolo@yahoo.es', 0, 'Wanolo', '17-08-1996', 'Spain', NULL, NULL),
('yvernek', 'FfVoZGYvOnE', 'yvernek@exblog.jp', 0, 'Yuri Verne', '21/11/2000', 'China', 27, NULL);

--
-- Restricciones para tablas volcadas
--

--
-- Filtros para la tabla `equipos`
--
ALTER TABLE `equipos`
  ADD CONSTRAINT `equipos_ibfk_1` FOREIGN KEY (`id_jugador`) REFERENCES `jugadores` (`id_jugador`) ON DELETE SET NULL ON UPDATE CASCADE;

--
-- Filtros para la tabla `jugadores`
--
ALTER TABLE `jugadores`
  ADD CONSTRAINT `jugadores_ibfk_1` FOREIGN KEY (`id_franquicia`) REFERENCES `equipos` (`id_franquicia`) ON DELETE SET NULL ON UPDATE CASCADE;

--
-- Filtros para la tabla `usuarios`
--
ALTER TABLE `usuarios`
  ADD CONSTRAINT `usuarios_ibfk_1` FOREIGN KEY (`id_pais`) REFERENCES `paises` (`id_pais`) ON DELETE SET NULL ON UPDATE CASCADE,
  ADD CONSTRAINT `usuarios_ibfk_2` FOREIGN KEY (`id_franquicia`) REFERENCES `equipos` (`id_franquicia`) ON DELETE SET NULL ON UPDATE CASCADE;
COMMIT;

/*!40101 SET CHARACTER_SET_CLIENT=@OLD_CHARACTER_SET_CLIENT */;
/*!40101 SET CHARACTER_SET_RESULTS=@OLD_CHARACTER_SET_RESULTS */;
/*!40101 SET COLLATION_CONNECTION=@OLD_COLLATION_CONNECTION */;
